nombres_nominados_nominadas;genero;lugar_de_nacimiento;nacionalidad_1;nacionalidad_2;raza_o_etnia;su_debut_fue_estadounidense;titulo_original_pelicula_debut;categoria_nominacion_oscar;fue_ganador_o_ganadora;ano_ceremonia;titulo_original_pelicula_nominada;ano_pelicula_nominada;original_language;genres;production_companies;production_countries;spoken_languages
Janet Gaynor;Femenino;Filadelfia, Estados Unidos;Estadounidense;No aplica;Blanca;Sí; The Johnstown Flood;Mejor actriz;Sí;1929;7th Heaven;1927;ingles;Drama, Romance;Fox Film Corporation;Estados Unidos;Sin Lenguaje
Richard Barthelmess;Masculino;Nueva York, Estados Unidos;Estadounidense;No aplica;Blanca;No; War Brides;Mejor actor;No;1929;The Patent Leather Kid;1927;ingles;War, Drama, Romance;First National Pictures;Estados Unidos;ingles
Emil Jannings;Masculino;Rorschach, Suiza;Suiza;Alemana;Blanca;No; Arme Eva;Mejor actor;No;1929;The Way of All Flesh;1927;ingles;Drama;Paramount;Estados Unidos;ingles
Richard Barthelmess;Masculino;Nueva York, Estados Unidos;Estadounidense;No aplica;Blanca;Sí; War Brides;Mejor actor;No;1929;The Noose;1927;Inglés;Drama, Crimen;First National Pictures;Estados Unidos;Sin idioma
Emil Jannings;Masculino;Rorschach, Suiza;Suiza;Alemana;Blanca;No; Arme Eva;Mejor actor;Sí;1929;The Last Command;1927;Inglés;Drama, Bélica;Paramount Pictures;Estados Unidos;Sin idioma
Louise Dresser;Femenino;Evansville, Estados Unidos;Estadounidense;No aplica;Blanca;Sí; The Glory of Clementina;Mejor actriz;No;1929;A Ship Comes In;1927;Inglés;Drama;DeMille Pictures Corporation, Pathé Exchange;Estados Unidos;Sin idioma
Janet Gaynor;Femenino;Filadelfia, Estados Unidos;Estadounidense;No aplica;Blanca;Sí; The Johnstown Flood;Mejor actriz;No;1929;Street Angel;1927;Inglés;Drama, Romance;Fox Film Corporation;Estados Unidos;Sin idioma
Janet Gaynor;Femenino;Filadelfia, Estados Unidos;Estadounidense;No aplica;Blanca;Sí; The Johnstown Flood;Mejor actriz;No;1929;Sunrise;1927;Inglés;Drama, Romance;Fox Film Corporation;Estados Unidos;Sin idioma
Gloria Swanson;Femenino;Chicago, Estados Unidos;Estadounidense;No aplica;Blanca;Sí; The Fable of Elvira and Farina and the Meal Ticket;Mejor actriz;No;1929;Sadie Thompson;1927;Inglés;Drama;Gloria Swanson Productions, United Artists;Estados Unidos;Sin idioma
Warner Baxter;Masculino;Columbus, Estados Unidos;Estadounidense;No aplica;Blanca;Sí; Sheltered Daughters;Mejor actor;Sí;1930;In Old Arizona;1928;ingles;Action, Western;Fox Film Corporation;Estados Unidos;Ingles, Italiano, Español
Corinne Griffith;Femenino;Texarkana, Estados Unidos;Estadounidense;No aplica;Blanca;Sí; La paloma;Mejor actriz;No;1930;The Divine Lady;1928;ingles;Drama, History, Romance, War;First National Pictures;Estados Unidos;Ingles
Lewis Stone;Masculino;Worcester, Estados Unidos;Estadounidense;No aplica;Blanca;Sí; Honor's Altar;Mejor actor;No;1930;The Patriot;1928;ingles;Drama;Paramount Famous Lasky Corporation;Estados Unidos;Ingles
Betty Compson;Femenino;Beaver, Estados Unidos;Estadounidense;No aplica;Blanca;Sí; Wanted: A Leading Lady;Mejor actriz;No;1930;The Barker;1928;ingles;Romance, Drama;First National Pictures;Estados Unidos;Ingles
George Bancroft;Masculino;Filadelfia, Estados Unidos;Estadounidense;No aplica;Blanca;Sí; The Journey's End;Mejor actor;No;1930;Thunderbolt;1928;Inglés;Drama, Crimen;Paramount Pictures;Estados Unidos;Inglés
Chester Morris;Masculino;Nueva York, Estados Unidos;Estadounidense;No aplica;Blanca;Sí; An Amateur Orphan;Mejor actor;No;1930;Alibi;1928;Inglés;Crimen, Drama, Suspense;Feature Productions, United Artists;Estados Unidos;Inglés
Paul Muni;Masculino;Leópolis, Ucrania;Estadounidense;No aplica;Blanca;Sí; The Valiant;Mejor actor;No;1930;The Valiant;1928;Inglés;Drama;Fox Film Corporation;Estados Unidos;Inglés
Ruth Chatterton;Femenino;Nueva York, Estados Unidos;Estadounidense;No aplica;Blanca;Sí; Sins of the Fathers;Mejor actriz;No;1930;Madame X;1928;Inglés;Drama;Metro-Goldwyn-Mayer;Estados Unidos;Inglés
Jeanne Eagels;Femenino;Kansas City, Estados Unidos;Estadounidense;No aplica;Blanca;Sí; The Ace of Hearts;Mejor actriz;No;1930;The Letter;1928;Inglés;Drama, Crimen;Paramount Pictures;Estados Unidos;Inglés
Bessie Love;Femenino;Midland, Estados Unidos;Estadounidense;Británica;Blanca;Sí; Acquitted;Mejor actriz;No;1930;The Broadway Melody;1928;Inglés;Drama, Música, Romance;Metro-Goldwyn-Mayer;Estados Unidos;Inglés
Mary Pickford;Femenino;Toronto, Canadá;Canadiense;Estadounidense;Blanca;Sí; Mrs. Jones Entertains;Mejor actriz;Sí;1930;Coquette;1928;Inglés;Drama, Romance;Pickford Corporation, United Artists;Estados Unidos;Inglés
Ronald Colman;Masculino;Richmond, Inglaterra;Británica;No aplica;Blanca;No; The Live Wire;Mejor actor;No;1931;Bulldog Drummond;1929;ingles;Action, Thriller;Howard Productions, Samuel Goldwyn Productions;Estados Unidos;Ingles
George Arliss;Masculino;Londres, Inglaterra;Británica;No aplica;Blanca;Sí; The Devil ;Mejor actor;Sí;1931;Disraeli;1929;ingles;Drama, History;The Vitaphone Corporation, Warner Bros. Pictures;Estados Unidos;Ingles
Norma Shearer;Femenino;Montreal, Canadá;Canadiense;Estadounidense;Blanca;Sí; The Stealers;Mejor actriz;No;1931;Their Own Desire;1929;ingles;Drama, Romance;Metro-Goldwyn-Mayer;Estados Unidos;Ingles
Ronald Colman;Masculino;Richmond, Inglaterra;Británica;No aplica;Blanca;No; The Live Wire;Mejor actor;No;1931;Condemned;1929;ingles;Action, Drama, Thriller;Samuel Goldwyn Productions, Howard Productions;Estados Unidos;Ingles
Gloria Swanson;Femenino;Chicago, Estados Unidos;Estadounidense;No aplica;Blanca;Sí; The Fable of Elvira and Farina and the Meal Ticket;Mejor actriz;No;1931;The Trespasser;1929;ingles;Drama;Gloria Productions;Estados Unidos;Ingles
George Arliss;Masculino;Londres, Inglaterra;Británica;No aplica;Blanca;Sí; The Devil ;Mejor actor;No;1931;The Green Goddess;1929;Inglés;Drama, Aventura;Warner Bros. Pictures;Estados Unidos;Inglés
Wallace Beery;Masculino;Kansas City, Estados Unidos;Estadounidense;No aplica;Blanca;Sí; His Athletic Wife;Mejor actor;No;1931;The Big House;1929;Inglés;Crimen, Drama;Metro-Goldwyn-Mayer;Estados Unidos;Inglés
Maurice Chevalier;Masculino;París, Francia;Francesa;No aplica;Blanca;No; Trop crédules;Mejor actor;No;1931;The Big Pond;1929;Inglés;Comedia, Romance;Paramount Pictures;Estados Unidos;Inglés
Maurice Chevalier;Masculino;París, Francia;Francesa;No aplica;Blanca;No; Trop crédules;Mejor actor;No;1931;The Love Parade;1929;Inglés;Comedia, Música, Romance;Paramount Pictures;Estados Unidos;Inglés
Lawrence Tibbett;Masculino;Baskersfield, Estados Unidos;Estadounidense ;No aplica;Blanca;Sí; The Rogue Song;Mejor actor;No;1931;The Rogue Song;1929;Inglés;Música, Romance;Metro-Goldwyn-Mayer;Estados Unidos;Inglés
Nancy Carroll;Femenino;Nueva York, Estados Unidos;Estadounidense ;No aplica;Blanca;Sí; Ladies Must Dress;Mejor actriz;No;1931;The Devil's Holiday;1929;Inglés;Drama;Paramount Pictures;Estados Unidos;Inglés
Ruth Chatterton;Femenino;Nueva York, Estados Unidos;Estadounidense ;No aplica;Blanca;Sí; Sins of the Fathers;Mejor actriz;No;1931;Sarah and Son;1929;Inglés;Drama;Paramount Pictures;Estados Unidos;Inglés
Greta Garbo;Femenino;Estocolmo, Suecia;Sueca;Estadounidense;Blanca;No; Luffar-Petter;Mejor actriz;No;1931;Anna Christie;1929;Inglés;Drama, Romance;Metro-Goldwyn-Mayer;Estados Unidos;Inglés
Greta Garbo;Femenino;Estocolmo, Suecia;Sueca;Estadounidense;Blanca;No; Luffar-Petter;Mejor actriz;No;1931;Romance;1929;Inglés;Drama, Romance;Metro-Goldwyn-Mayer;Estados Unidos;Inglés
Norma Shearer;Femenino;Montreal, Canadá;Canadiense;Estadounidense;Blanca;Sí; The Stealers;Mejor actriz;Sí;1931;The Divorcee;1929;Inglés;Drama, Romance;Metro-Goldwyn-Mayer;Estados Unidos;Inglés
Marlene Dietrich;Femenino;Berlín, Alemania;Alemana;Estadounidense ;Blanca;No; So sind die Männer;Mejor actriz;No;1932;Morocco;1930;ingles;Drama, Romance;Paramount;Estados Unidos;Ingles, Arabe, Frances, Español, Italiano
Ann Harding;Femenino;Fort Sam Houston, Estados Unidos;Estadounidense;No aplica;Blanca;Sí; Paris Bound;Mejor actriz;No;1932;Holiday;1930;ingles;Comedy, Romance;Pathé Exchange;Estados Unidos;Ingles
Marie Dressler;Femenino;Cobourg, Canadá;Canadiense;Estadounidense;Blanca;Sí; Tillie's Punctured Romance;Mejor actriz;Sí;1932;Min and Bill;1930;ingles;Drama, Comedy;Metro-Goldwyn-Mayer;Estados Unidos;Ingles
Fredric March;Masculino;Racine, Estados Unidos;Estadounidense ;No aplica;Blanca;Sí; The Dummy;Mejor actor;No;1932;The Royal Family of Broadway;1930;ingles;Comedy;Paramount;Estados Unidos;Ingles
Lionel Barrymore;Masculino;Filadelfia, Estados Unidos;Estadounidense ;No aplica;Blanca;Sí; Fighting Blood;Mejor actor;Sí;1932;A Free Soul;1930;Inglés;Drama, Romance;Metro-Goldwyn-Mayer;Estados Unidos;Inglés
Norma Shearer;Femenino;Montreal, Canadá;Canadiense;Estadounidense;Blanca;Sí; The Stealers;Mejor actriz;No;1932;A Free Soul;1930;Inglés;Drama, Romance;Metro-Goldwyn-Mayer;Estados Unidos;Inglés
Jackie Cooper;Masculino;Los Ángeles, Estados Unidos;Estadounidense ;No aplica;Blanca;Sí; Boxing Gloves;Mejor actor;No;1932;Skippy;1930;Inglés;Comedia, Drama, Familia;Paramount Pictures;Estados Unidos;Inglés
Richard Dix;Masculino;Saint Paul, Estados Unidos;Estadounidense ;No aplica;Blanca;Sí; One of Many;Mejor actor;No;1932;Cimarron;1930;Inglés;Western, Drama;RKO Radio Pictures;Estados Unidos;Inglés
Irene Dunne;Femenino;Louisville, Estados Unidos;Estadounidense;No aplica;Blanca;Sí; Leathernecking;Mejor actriz;No;1932;Cimarron;1930;Inglés;Western, Drama;RKO Radio Pictures;Estados Unidos;Inglés
Adolphe Menjou;Masculino;Pittsburgh, Estados Unidos;Estadounidense ;No aplica;Blanca;Sí; A Parisian Romance;Mejor actor;No;1932;The Front Page;1930;Inglés;Comedia, Crimen, Drama;The Caddo Company, United Artists;Estados Unidos;Inglés
Fredric March;Masculino;Racine, Estados Unidos;Estadounidense ;No aplica;Blanca;Sí; The Dummy;Mejor actor;Sí;1933;Dr. Jekyll and Mr. Hyde;1931;ingles;Horror, Science Fiction, Drama;Paramount;Estados Unidos;Ingles
Wallace Beery;Masculino;Kansas City, Estados Unidos;Estadounidense;No aplica;Blanca;Sí; His Athletic Wife;Mejor actor;Sí;1933;The Champ;1931;ingles;Drama;Metro-Goldwyn-Mayer;Estados Unidos;Ingles
Helen Hayes;Femenino;Washington D.C., Estados Unidos;Estadounidense ;No aplica;Blanca;Sí; Jean and the Calico Doll;Mejor actriz;Sí;1933;The Sin of Madelon Claudet;1931;ingles;Drama;Metro-Goldwyn-Mayer;Estados Unidos;Ingles, Frances
Alfred Lunt;Masculino;Milwaukee, Estados Unidos;Estadounidense ;No aplica;Blanca;Sí; Backbone;Mejor actor;No;1933;The Guardsman;1931;ingles;Comedy, Drama;Metro-Goldwyn-Mayer;Estados Unidos;Ingles
Lynn Fontanne;Femenino;Londres, Inglaterra;Británica;No aplica;Blanca;Sí; Second Youth;Mejor actriz;No;1933;The Guardsman;1931;ingles;Comedy, Drama;Metro-Goldwyn-Mayer;Estados Unidos;Ingles
Marie Dressler;Femenino;Cobourg, Canadá;Canadiense;Estadounidense;Blanca;Sí; Tillie's Punctured Romance;Mejor actriz;No;1933;Emma;1931;Inglés;Comedia, Drama;Metro-Goldwyn-Mayer;Estados Unidos;Inglés
Paul Muni;Masculino;Leópolis, Ucrania;Estadounidense;No aplica;Blanca;Sí; The Valiant;Mejor actor;No;1934;I Am a Fugitive from a Chain Gang;1932;ingles;Crime, Drama;Warner Bros. Pictures, The Vitaphone Corporation;Estados Unidos;Ingles
Leslie Howard;Masculino;Londres, Inglaterra;Británica;No aplica;Blanca;No; The Heroine of Mons;Mejor actor;No;1934;Berkeley Square;1932;Inglés;Drama, Fantasía, Romance;Fox Film Corporation;Estados Unidos;Inglés
Charles Laughton;Masculino;Scarborough, Inglaterra;Británica;Estadounidense ;Blanca;No; The Tonic;Mejor actor;Sí;1934;The Private Life of Henry VIII;1932;Inglés;Drama, Historia, Romance;London Film Productions, United Artists;Reino Unido;Inglés
Katharine Hepburn;Femenino;Hartford, Estados Unidos;Estadounidense;No aplica;Blanca;Sí; A Bill of Divorcement;Mejor actriz;Sí;1934;Morning Glory;1932;Inglés;Drama, Romance;RKO Radio Pictures;Estados Unidos;Inglés
May Robson;Femenino;Moama, Australia;Australiana;Estadounidense;Blanca;Sí; A Night Out;Mejor actriz;No;1934;Lady for a Day;1932;Inglés;Comedia, Drama;Columbia Pictures;Estados Unidos;Inglés
Diana Wynyard;Femenino;Londres, Inglaterra;Británica;No aplica;Blanca;Sí; Rasputin and the Empress;Mejor actriz;No;1934;Cavalcade;1932;Inglés;Drama, Historia, Bélica;Fox Film Corporation;Estados Unidos;Inglés
Clark Gable;Masculino;Cádiz, Estados Unidos;Estadounidense;No aplica;Blanca;Sí; White Man;Mejor actor;Sí;1935;It Happened One Night;1934;ingles;Comedy, Romance;Columbia Pictures;Estados Unidos;Ingles
Claudette Colbert;Femenino;Saint-Mandé, Francia;Francesa;Estadounidense ;Blanca;Sí; For the Love of Mike;Mejor actriz;Sí;1935;It Happened One Night;1934;ingles;Comedy, Romance;Columbia Pictures;Estados Unidos;Ingles
William Powell;Masculino;Pittsburgh, Estados Unidos;Estadounidense;No aplica;Blanca;Sí; Sherlock Holmes;Mejor actor;No;1935;The Thin Man;1934;ingles;Comedy, Crime, Mystery;Metro-Goldwyn-Mayer;Estados Unidos;Ingles
Bette Davis;Femenino;Lowell, Estados Unidos;Estadounidense;No aplica;Blanca;Sí; Bad Sister;Mejor actriz;No;1935;Of Human Bondage;1934;ingles;Drama, Romance;RKO Radio Pictures;Estados Unidos;Ingles
Norma Shearer;Femenino;Montreal, Canadá;Canadiense;Estadounidense;Blanca;Sí; The Stealers;Mejor actriz;No;1935;The Barretts of Wimpole Street;1934;ingles;Drama, Romance;Metro-Goldwyn-Mayer;Estados Unidos;Ingles
Grace Moore;Femenino;Slabtown, Estados Unidos;Estadounidense;No aplica;Blanca;Sí; A Lady's Morals;Mejor actriz;No;1935;One Night of Love;1934;ingles;Music, Romance;Columbia Pictures;Estados Unidos;Ingles, Italiano
Frank Morgan;Masculino;Nueva York, Estados Unidos;Estadounidense;No aplica;Blanca;Sí; The Suspect;Mejor actor;No;1935;The Affairs of Cellini;1934;ingles;Comedy, Drama, History;20th Century Pictures;Estados Unidos;Ingles
Clark Gable;Masculino;Cádiz, Estados Unidos;Estadounidense;No aplica;Blanca;Sí; White Man;Mejor actor;No;1936;Mutiny on the Bounty;1935;ingles;Adventure, Drama, History;Metro-Goldwyn-Mayer;Estados Unidos;Ingles, Tahitian
Charles Laughton;Masculino;Scarborough, Inglaterra;Británica;Estadounidense ;Blanca;No; The Tonic;Mejor actor;No;1936;Mutiny on the Bounty;1935;ingles;Adventure, Drama, History;Metro-Goldwyn-Mayer;Estados Unidos;Ingles, Tahitian
Franchot Tone;Masculino;Cataratas del Niágara, Estados Unidos;Estadounidense;No aplica;Blanca;Sí; The Wiser Sex;Mejor actor;No;1936;Mutiny on the Bounty;1935;ingles;Adventure, Drama, History;Metro-Goldwyn-Mayer;Estados Unidos;Ingles, Tahitian
Victor McLaglen;Masculino;Tunbridge Wells, Inglaterra;Británica;Estadounidense ;Blanca;No; The Call of the Road;Mejor actor;Sí;1936;The Informer;1935;ingles;Crime, Drama;RKO Radio Pictures;Estados Unidos;Ingles
Katharine Hepburn;Femenino;Hartford, Estados Unidos;Estadounidense;No aplica;Blanca;Sí; A Bill of Divorcement;Mejor actriz;No;1936;Alice Adams;1935;ingles;Comedy, Drama, Romance;RKO Radio Pictures;Estados Unidos;Ingles
Bette Davis;Femenino;Lowell, Estados Unidos;Estadounidense;No aplica;Blanca;Sí; Bad Sister;Mejor actriz;Sí;1936;Dangerous;1935;ingles;Drama;Warner Bros. Pictures;Estados Unidos;Ingles
Paul Muni;Masculino;Leópolis, Ucrania;Estadounidense;No aplica;Blanca;Sí; The Valiant;Mejor actor;No;1936;Black Fury;1935;ingles;Drama;First National Pictures;Estados Unidos;Ingles
Miriam Hopkins;Femenino;Savannah, Estados Unidos;Estadounidense ;No aplica;Blanca;Sí; Fast and Loose;Mejor actriz;No;1936;Becky Sharp;1935;ingles;Drama, Romance;Pioneer Pictures Corporation;Estados Unidos;Frances, Ingles
Merle Oberon;Femenino;Mumbai, India;Británica ;Estadounidense;Multirracial;No; Wedding Rehearsal;Mejor actriz;No;1936;The Dark Angel;1935;ingles;Romance, Drama;Samuel Goldwyn Productions;Estados Unidos;Ingles
Claudette Colbert;Femenino;Saint-Mandé, Francia;Francesa;Estadounidense ;Blanca;Sí; For the Love of Mike;Mejor actriz;No;1936;Private Worlds;1935;ingles;Drama;Walter Wanger Productions, Paramount;Estados Unidos;Ingles
Elisabeth Bergner;Femenino;Drohobych, Ucrania;Austríaca;No aplica;Blanca;No; Der Evangelimann;Mejor actriz;No;1936;Escape Me Never;1935;ingles;Drama;Herbert Wilcox Productions;Reino Unido;Ingles
Gary Cooper;Masculino;Helena, Estados Unidos;Estadounidense ;No aplica;Blanca;Sí; The Winning of Barbara Worth;Mejor actor;No;1937;Mr. Deeds Goes to Town;1936;ingles;Comedy, Drama, Romance;Columbia Pictures;Estados Unidos;Ingles
William Powell;Masculino;Pittsburgh, Estados Unidos;Estadounidense;No aplica;Blanca;Sí; Sherlock Holmes;Mejor actor;No;1937;My Man Godfrey;1936;ingles;Comedy, Romance;Universal Pictures;Estados Unidos;Ingles, Ruso
Carole Lombard;Femenino;Fort Wayne, Estados Unidos;Estadounidense;No aplica;Blanca;Sí; A Perfect Crime;Mejor actriz;No;1937;My Man Godfrey;1936;ingles;Comedy, Romance;Universal Pictures;Estados Unidos;Ingles, Ruso
Walter Huston;Masculino;Toronto, Canadá;Canadiense;Estadounidense;Blanca;Sí; Gentlemen of the Press;Mejor actor;No;1937;Dodsworth;1936;ingles;Drama, Romance;Samuel Goldwyn Productions, United Artists;Estados Unidos;Aleman, Frances, Italiano, Ingles
Luise Rainer;Femenino;Düsseldorf, Alemania;Alemana;Estadounidense;Blanca;No; Sehnsucht 202;Mejor actriz;Sí;1937;The Great Ziegfeld;1936;ingles;Drama, Music, Romance;Metro-Goldwyn-Mayer;Estados Unidos;Ingles
Spencer Tracy;Masculino;Milwaukee, Estados Unidos;Estadounidense;No aplica;Blanca;Sí; Up the River;Mejor actor;No;1937;San Francisco;1936;ingles;Drama, Music, Romance;Metro-Goldwyn-Mayer;Estados Unidos;Ingles
Paul Muni;Masculino;Leópolis, Ucrania;Estadounidense;No aplica;Blanca;Sí; The Valiant;Mejor actor;Sí;1937;The Story of Louis Pasteur;1936;ingles;Drama, History;Cosmopolitan Productions, Warner Bros. Pictures;Estados Unidos;Ingles, Frances, Ruso
Irene Dunne;Femenino;Louisville, Estados Unidos;Estadounidense;No aplica;Blanca;Sí; Leathernecking;Mejor actriz;No;1937;Theodora Goes Wild;1936;ingles;Comedy, Romance;Columbia Pictures;Estados Unidos;Ingles
Norma Shearer;Femenino;Montreal, Canadá;Canadiense;Estadounidense;Blanca;Sí; The Stealers;Mejor actriz;No;1937;Romeo and Juliet;1936;ingles;Drama, Romance;Metro-Goldwyn-Mayer;Estados Unidos;Ingles
Gladys George;Femenino;Patten, Estados Unidos;Estadounidense;No aplica;Blanca;Sí; Red Hot Dollars;Mejor actriz;No;1937;Valiant Is the Word for Carrie;1936;ingles;Drama;Paramount;Estados Unidos;Ingles
Irene Dunne;Femenino;Louisville, Estados Unidos;Estadounidense;No aplica;Blanca;Sí; Leathernecking;Mejor actriz;No;1938;The Awful Truth;1937;ingles;Comedy, Romance;Columbia Pictures;Estados Unidos;Frances, Ingles, Italiano
Fredric March;Masculino;Racine, Estados Unidos;Estadounidense ;No aplica;Blanca;Sí; The Dummy;Mejor actor;No;1938;A Star Is Born;1937;ingles;Drama, Romance;Selznick International Pictures;Estados Unidos;Ingles
Janet Gaynor;Femenino;Filadelfia, Estados Unidos;Estadounidense ;No aplica;Blanca;Sí; The Johnstown Flood;Mejor actriz;No;1938;A Star Is Born;1937;ingles;Drama, Romance;Selznick International Pictures;Estados Unidos;Ingles
Spencer Tracy;Masculino;Milwaukee, Estados Unidos;Estadounidense;No aplica;Blanca;Sí; Up the River;Mejor actor;Sí;1938;Captains Courageous;1937;ingles;Adventure, Drama, Family;Metro-Goldwyn-Mayer;Estados Unidos;Portuguese, Español, Ingles
Paul Muni;Masculino;Leópolis, Ucrania;Estadounidense;No aplica;Blanca;Sí; The Valiant;Mejor actor;No;1938;The Life of Emile Zola;1937;ingles;Drama, History;Warner Bros. Pictures;Estados Unidos;Ingles
Barbara Stanwyck;Femenino;Brooklyn, Estados Unidos;Estadounidense ;No aplica;Blanca;Sí; The Locked Door;Mejor actriz;No;1938;Stella Dallas;1937;ingles;Drama, Romance;Samuel Goldwyn Productions, United Artists;Estados Unidos;Ingles
Luise Rainer;Femenino;Düsseldorf, Alemania;Alemana;Estadounidense;Blanca;No; Sehnsucht 202;Mejor actriz;Sí;1938;The Good Earth;1937;ingles;Drama, History, Romance;Metro-Goldwyn-Mayer;Estados Unidos;Ingles
Robert Montgomery;Masculino;Beacon, Estados Unidos;Estadounidense ;No aplica;Blanca;Sí; So This Is College;Mejor actor;No;1938;Night Must Fall;1937;ingles;Mystery, Thriller;Metro-Goldwyn-Mayer;Estados Unidos;Ingles
Charles Boyer;Masculino;Figeac, Francia;Francesa;Estadounidense ;Blanca;No; L'Homme du large;Mejor actor;No;1938;Conquest;1937;ingles;Drama, History, Romance;Metro-Goldwyn-Mayer;Estados Unidos;Ingles
Greta Garbo;Femenino;Estocolmo, Suecia;Sueca;Estadounidense;Blanca;No; Luffar-Petter;Mejor actriz;No;1938;Camille;1937;Inglés;Drama, Romance;Metro-Goldwyn-Mayer;Estados Unidos;Inglés
James Cagney;Masculino;Manhattan, Estados Unidos;Estadounidense ;No aplica;Blanca;Sí; Sinners' Holiday;Mejor actor;No;1939;Angels with Dirty Faces;1938;ingles;Crime, Drama;Warner Bros. Pictures;Estados Unidos;Ingles
Bette Davis;Femenino;Lowell, Estados Unidos;Estadounidense;No aplica;Blanca;Sí; Bad Sister;Mejor actriz;Sí;1939;Jezebel;1938;ingles;Drama, Romance;Warner Bros. Pictures;Estados Unidos;Ingles, Frances
Spencer Tracy;Masculino;Milwaukee, Estados Unidos;Estadounidense;No aplica;Blanca;Sí; Up the River;Mejor actor;Sí;1939;Boys Town;1938;ingles;Drama;Metro-Goldwyn-Mayer;Estados Unidos;Ingles
Charles Boyer;Masculino;Figeac, Francia;Francesa;Estadounidense ;Blanca;No; L'Homme du large;Mejor actor;No;1939;Algiers;1938;ingles;Drama, Mystery, Romance, Crime;United Artists, Walter Wanger Productions;Estados Unidos;Español, Ingles
Robert Donat;Masculino;Withington, Inglaterra;Británica;No aplica;Blanca;No; Men of Tomorrow;Mejor actor;No;1939;The Citadel;1938;ingles;Drama;Metro-Goldwyn-Mayer;Reino Unido;Ingles
Margaret Sullavan;Femenino;Norfolk, Estados Unidos;Estadounidense;No aplica;Blanca;Sí; Only Yesterday;Mejor actriz;No;1939;Three Comrades;1938;ingles;Drama, Romance;Metro-Goldwyn-Mayer;Estados Unidos;Ingles
Norma Shearer;Femenino;Montreal, Canadá;Canadiense;Estadounidense;Blanca;Sí; The Stealers;Mejor actriz;No;1939;Marie Antoinette;1938;ingles;Drama, History, Romance;Metro-Goldwyn-Mayer;Estados Unidos;Ingles, Español
Fay Bainter;Femenino;Los Ángeles, Estados Unidos;Estadounidense;No aplica;Blanca;Sí; This Side of Heaven;Mejor actriz;No;1939;White Banners;1938;ingles;Drama;Warner Bros. Pictures, Cosmopolitan Productions;Estados Unidos;Ingles
Leslie Howard;Masculino;Londres, Inglaterra;Británica;No aplica;Blanca;No; The Heroine of Mons;Mejor actor;No;1939;Pygmalion;1938;Inglés;Comedia, Romance;Gabriel Pascal Productions;Reino Unido;Inglés
Wendy Hiller;Femenino;Bramhall, Inglaterra;Británica;No aplica;Blanca;No; Lancashire Luck;Mejor actriz;No;1939;Pygmalion;1938;Inglés;Comedia, Romance;Gabriel Pascal Productions;Reino Unido;Inglés
Clark Gable;Masculino;Cádiz, Estados Unidos;Estadounidense;No aplica;Blanca;Sí; White Man;Mejor actor;No;1940;Gone with the Wind;1939;ingles;Drama, War, Romance;Selznick International Pictures, Metro-Goldwyn-Mayer;Estados Unidos;Ingles
Vivien Leigh;Femenino;Darjeeling, India;Británica;No aplica;Blanca;No; The Village Squire;Mejor actriz;Sí;1940;Gone with the Wind;1939;ingles;Drama, War, Romance;Selznick International Pictures, Metro-Goldwyn-Mayer;Estados Unidos;Ingles
Jimmy Stewart;Masculino;Indiana, Estados Unidos;Estadounidense ;No aplica;Blanca;Sí; The Murder Man;Mejor actor;No;1940;Mr. Smith Goes to Washington;1939;ingles;Comedy, Drama;Columbia Pictures;Estados Unidos;Ingles
Greta Garbo;Femenino;Estocolmo, Suecia;Sueca;Estadounidense;Blanca;No; Luffar-Petter;Mejor actriz;No;1940;Ninotchka;1939;ingles;Comedy, Romance;Metro-Goldwyn-Mayer;Estados Unidos;Ingles, Ruso
Laurence Olivier;Masculino;Dorking, Inglaterra;Británica;No aplica;Blanca;No; The Temporary Widow;Mejor actor;No;1940;Wuthering Heights;1939;ingles;Drama, Romance;Samuel Goldwyn Productions, United Artists;Estados Unidos;Ingles
Bette Davis;Femenino;Lowell, Estados Unidos;Estadounidense;No aplica;Blanca;Sí; Bad Sister;Mejor actriz;No;1940;Dark Victory;1939;ingles;Drama, Romance;Warner Bros. Pictures, First National Pictures;Estados Unidos;Ingles
Robert Donat;Masculino;Withington, Inglaterra;Británica;No aplica;Blanca;No; Men of Tomorrow;Mejor actor;Sí;1940;Goodbye, Mr. Chips;1939;ingles;Drama, Romance;Metro-Goldwyn-Mayer, Loew's Incorporated;Reino Unido;Ingles, Italiano
Greer Garson;Femenino;Londres, Inglaterra;Británica;Estadounidense ;Blanca;Sí; Goodbye,  Mr. Chips;Mejor actriz;No;1940;Goodbye, Mr. Chips;1939;ingles;Drama, Romance;Metro-Goldwyn-Mayer, Loew's Incorporated;Reino Unido;Ingles, Italiano
Irene Dunne;Femenino;Louisville, Estados Unidos;Estadounidense;No aplica;Blanca;Sí; Leathernecking;Mejor actriz;No;1940;Love Affair;1939;ingles;Drama, Romance;RKO Radio Pictures;Estados Unidos;Ingles, Frances
Mickey Rooney;Masculino;Brooklyn, Estados Unidos;Estadounidense ;No aplica;Blanca;Sí; Not to Be Trusted;Mejor actor;No;1940;Babes in Arms;1939;ingles;Comedy, Music;Metro-Goldwyn-Mayer;Estados Unidos;Ingles
Charles Chaplin;Masculino;Londres, Inglaterra;Británica;No aplica;Blanca;Sí; Making a Living;Mejor actor;No;1941;The Great Dictator;1940;ingles;Comedy, War;Roy Export Company Establishment, United Artists;Estados Unidos;Ingles, Esperanto
Laurence Olivier;Masculino;Dorking, Inglaterra;Británica;No aplica;Blanca;No; The Temporary Widow;Mejor actor;No;1941;Rebecca;1940;ingles;Mystery, Romance, Thriller, Drama;Selznick International Pictures, United Artists;Estados Unidos;Ingles, Frances
Joan Fontaine;Femenino;Tokio, Japón;Británica;Estadounidense;Blanca;Sí; No More Ladies;Mejor actriz;No;1941;Rebecca;1940;ingles;Mystery, Romance, Thriller, Drama;Selznick International Pictures, United Artists;Estados Unidos;Ingles, Frances
Henry Fonda;Masculino;Grand Island, Estados Unidos;Estadounidense ;No aplica;Blanca;Sí; The Farmer Takes a Wife;Mejor actor;No;1941;The Grapes of Wrath;1940;ingles;Drama;20th Century Fox;Estados Unidos;Ingles
Jimmy Stewart;Masculino;Indiana, Estados Unidos;Estadounidense ;No aplica;Blanca;Sí; The Murder Man;Mejor actor;Sí;1941;The Philadelphia Story;1940;ingles;Comedy, Romance;Metro-Goldwyn-Mayer;Estados Unidos;Ingles, Frances
Katharine Hepburn;Femenino;Hartford, Estados Unidos;Estadounidense;No aplica;Blanca;Sí; A Bill of Divorcement;Mejor actriz;No;1941;The Philadelphia Story;1940;ingles;Comedy, Romance;Metro-Goldwyn-Mayer;Estados Unidos;Ingles, Frances
Bette Davis;Femenino;Lowell, Estados Unidos;Estadounidense;No aplica;Blanca;Sí; Bad Sister;Mejor actriz;No;1941;The Letter;1940;ingles;Crime, Drama;Warner Bros. Pictures;Estados Unidos;Ingles
Ginger Rogers;Femenino;Independence, Estados Unidos;Estadounidense;No aplica;Blanca;Sí; Follow the Leader;Mejor actriz;Sí;1941;Kitty Foyle;1940;ingles;Drama, Romance;RKO Radio Pictures;Estados Unidos;Ingles
Martha Scott;Femenino;Jamesport, Estados Unidos;Estadounidense;No aplica;Blanca;Sí; Our Town;Mejor actriz;No;1941;Our Town;1940;ingles;Drama, Romance;United Artists, Sol Lesser Productions;Estados Unidos;Ingles
Raymond Massey;Masculino;Toronto, Canadá;Canadiense;Estadounidense;Blanca;No; The Speckled Band;Mejor actor;No;1941;Abe Lincoln in Illinois;1940;ingles;Drama, History;RKO Radio Pictures;Estados Unidos;Ingles
Orson Welles;Masculino;Kenosha, Estados Unidos;Estadounidense;No aplica;Blanca;Sí; Citizen Kane;Mejor actor;No;1942;Citizen Kane;1941;ingles;Mystery, Drama;Mercury Productions, RKO Radio Pictures;Estados Unidos;Ingles
Joan Fontaine;Femenino;Tokio, Japón;Británica;Estadounidense;Blanca;Sí; No More Ladies;Mejor actriz;Sí;1942;Suspicion;1941;ingles;Mystery, Romance, Thriller;RKO Radio Pictures;Estados Unidos;Ingles
Gary Cooper;Masculino;Helena, Estados Unidos;Estadounidense ;No aplica;Blanca;Sí; The Winning of Barbara Worth;Mejor actor;Sí;1942;Sergeant York;1941;ingles;History, War, Drama;Warner Bros. Pictures;Estados Unidos;Aleman, Frances, Ingles
Barbara Stanwyck;Femenino;Brooklyn, Estados Unidos;Estadounidense ;No aplica;Blanca;Sí; The Locked Door;Mejor actriz;No;1942;Ball of Fire;1941;ingles;Comedy, Romance, Crime;Samuel Goldwyn Productions, RKO Radio Pictures;Estados Unidos;Ingles
Bette Davis;Femenino;Lowell, Estados Unidos;Estadounidense;No aplica;Blanca;Sí; Bad Sister;Mejor actriz;No;1942;The Little Foxes;1941;ingles;Drama, Romance, History;RKO Radio Pictures, Samuel Goldwyn Productions;Estados Unidos;Ingles
Cary Grant;Masculino;Bristol, Inglaterra;Británica;Estadounidense;Blanca;Sí; This Is the Night;Mejor actor;No;1942;Penny Serenade;1941;ingles;Drama, Romance;Columbia Pictures;Estados Unidos;Ingles
Robert Montgomery;Masculino;Beacon, Estados Unidos;Estadounidense ;No aplica;Blanca;Sí; So This Is College;Mejor actor;No;1942;Here Comes Mr. Jordan;1941;ingles;Comedy, Fantasy, Romance;Columbia Pictures;Estados Unidos;Ingles
Walter Huston;Masculino;Toronto, Canadá;Canadiense;Estadounidense;Blanca;Sí; Gentlemen of the Press;Mejor actor;No;1942;All That Money Can Buy;1941;ingles;Drama, Fantasy;RKO Radio Pictures;Estados Unidos;Ingles
Olivia de Havilland;Femenino;Tokio, Japón;Británica;Estadounidense;Blanca;Sí; Alibi Ike;Mejor actriz;No;1942;Hold Back the Dawn;1941;ingles;Drama, Romance;Paramount;Estados Unidos;Ingles, Español
Greer Garson;Femenino;Londres, Inglaterra;Británica;Estadounidense ;Blanca;Sí; Goodbye,  Mr. Chips;Mejor actriz;No;1942;Blossoms in the Dust;1941;ingles;Drama, Romance;Metro-Goldwyn-Mayer;Estados Unidos;Ingles
Walter Pidgeon;Masculino;Saint John, Canadá;Canadiense;Estadounidense;Blanca;Sí; Mannequin;Mejor actor;No;1943;Mrs. Miniver;1942;ingles;Drama, Romance, War;Metro-Goldwyn-Mayer;Estados Unidos;Aleman, Ingles
Greer Garson;Femenino;Londres, Inglaterra;Británica;Estadounidense ;Blanca;Sí; Goodbye,  Mr. Chips;Mejor actriz;Sí;1943;Mrs. Miniver;1942;ingles;Drama, Romance, War;Metro-Goldwyn-Mayer;Estados Unidos;Aleman, Ingles
James Cagney;Masculino;Manhattan, Estados Unidos;Estadounidense ;No aplica;Blanca;Sí; Sinners' Holiday;Mejor actor;Sí;1943;Yankee Doodle Dandy;1942;ingles;Drama, Music;Warner Bros. Pictures;Estados Unidos;Ingles
Bette Davis;Femenino;Lowell, Estados Unidos;Estadounidense;No aplica;Blanca;Sí; Bad Sister;Mejor actriz;No;1943;Now, Voyager;1942;ingles;Romance, Drama;Warner Bros. Pictures;Estados Unidos;Ingles, Portuguese
Katharine Hepburn;Femenino;Hartford, Estados Unidos;Estadounidense;No aplica;Blanca;Sí; A Bill of Divorcement;Mejor actriz;No;1943;Woman of the Year;1942;ingles;Comedy, Drama, Romance;Metro-Goldwyn-Mayer;Estados Unidos;Ingles
Gary Cooper;Masculino;Helena, Estados Unidos;Estadounidense ;No aplica;Blanca;Sí; The Winning of Barbara Worth;Mejor actor;No;1943;The Pride of the Yankees;1942;ingles;Drama, Family;Samuel Goldwyn Productions;Estados Unidos;Ingles
Teresa Wright;Femenino;Harlem, Estados Unidos;Estadounidense;No aplica;Blanca;Sí; The Little Foxes;Mejor actriz;No;1943;The Pride of the Yankees;1942;ingles;Drama, Family;Samuel Goldwyn Productions;Estados Unidos;Ingles
Ronald Colman;Masculino;Richmond, Inglaterra;Británica;No aplica;Blanca;No; The Live Wire;Mejor actor;No;1943;Random Harvest;1942;ingles;Romance, Drama;Metro-Goldwyn-Mayer;Estados Unidos;Ingles
Rosalind Russell;Femenino;Waterbury, Estados Unidos;Estadounidense;No aplica;Blanca;Sí; Evelyn Prentice;Mejor actriz;No;1943;My Sister Eileen;1942;ingles;Comedy;Columbia Pictures;Estados Unidos;Ingles
Monty Woolley;Masculino;Nueva York, Estados Unidos;Estadounidense;No aplica;Blanca;Sí; Live, Love and Learn;Mejor actor;No;1943;The Pied Piper;1942;ingles;Drama, War;20th Century Fox;Estados Unidos;Ingles, Frances
Humphrey Bogart;Masculino;Nueva York, Estados Unidos;Estadounidense;No aplica;Blanca;Sí; Up the River;Mejor actor;No;1944;Casablanca;1943;ingles;Drama, Romance;Warner Bros. Pictures;Estados Unidos;Aleman, Frances, Italiano, Ingles
Gary Cooper;Masculino;Helena, Estados Unidos;Estadounidense ;No aplica;Blanca;Sí; The Winning of Barbara Worth;Mejor actor;No;1944;For Whom the Bell Tolls;1943;ingles;Drama, History, Romance, Thriller, Adventure, War;Paramount;Estados Unidos;Español, Ingles
Ingrid Bergman;Femenino;Estocolmo, Suecia;Sueca ;No aplica;Blanca;No; Munkbrogreven;Mejor actriz;No;1944;For Whom the Bell Tolls;1943;ingles;Drama, History, Romance, Thriller, Adventure, War;Paramount;Estados Unidos;Español, Ingles
Jennifer Jones;Femenino;Tulsa, Estados Unidos;Estadounidense;No aplica;Blanca;Sí; New Frontier;Mejor actriz;Sí;1944;The Song of Bernadette;1943;ingles;Drama;20th Century Fox;Estados Unidos;Frances, Ingles
Jean Arthur;Femenino;Plattsburgh, Estados Unidos;Estadounidense ;No aplica;Blanca;Sí; Cameo Kirby;Mejor actriz;No;1944;The More the Merrier;1943;ingles;Comedy, Romance;Columbia Pictures;Estados Unidos;Ingles
Walter Pidgeon;Masculino;East Saint John, Canadá;Canadiense;Estadounidense;Blanca;Sí; Mannequin;Mejor actor;No;1944;Madame Curie;1943;ingles;Drama, Romance;Loew's Incorporated, Metro-Goldwyn-Mayer;Estados Unidos;Ingles
Greer Garson;Femenino;Londres, Inglaterra;Británica;Estadounidense ;Blanca;Sí; Goodbye,  Mr. Chips;Mejor actriz;No;1944;Madame Curie;1943;ingles;Drama, Romance;Loew's Incorporated, Metro-Goldwyn-Mayer;Estados Unidos;Ingles
Paul Lukas;Masculino;Budapest, Hungría;Húngara;Estadounidense ;Blanca;Sí; A Man of the Earth;Mejor actor;Sí;1944;Watch on the Rhine;1943;ingles;Drama, Thriller;Warner Bros. Pictures;Estados Unidos;Ingles
Mickey Rooney;Masculino;Brooklyn, Estados Unidos;Estadounidense ;No aplica;Blanca;Sí; Not to Be Trusted;Mejor actor;No;1944;The Human Comedy;1943;ingles;Comedy, Drama, Family;Metro-Goldwyn-Mayer;Estados Unidos;Ingles
Joan Fontaine;Femenino;Tokio, Japón;Británica;Estadounidense;Blanca;Sí; No More Ladies;Mejor actriz;No;1944;The Constant Nymph;1943;ingles;Drama, Music, Romance;Warner Bros. Pictures;Estados Unidos;Ingles
Barbara Stanwyck;Femenino;Brooklyn, Estados Unidos;Estadounidense ;No aplica;Blanca;Sí; The Locked Door;Mejor actriz;No;1945;Double Indemnity;1944;ingles;Crime, Thriller;Paramount;Estados Unidos;Ingles
Charles Boyer;Masculino;Figeac, Francia;Francesa;Estadounidense ;Blanca;No; L'Homme du large;Mejor actor;No;1945;Gaslight;1944;ingles;Thriller, Drama, Mystery, Crime;Metro-Goldwyn-Mayer;Estados Unidos;Ingles
Ingrid Bergman;Femenino;Estocolmo, Suecia;Sueca ;No aplica;Blanca;No; Munkbrogreven;Mejor actriz;Sí;1945;Gaslight;1944;ingles;Thriller, Drama, Mystery, Crime;Metro-Goldwyn-Mayer;Estados Unidos;Ingles
Bing Crosby;Masculino;Tacoma, Estados Unidos;Estadounidense ;No aplica;Blanca;Sí;  King of Jazz;Mejor actor;Sí;1945;Going My Way;1944;ingles;Comedy, Drama, Music;Paramount;Estados Unidos;Ingles
Barry Fitzgerald;Masculino;Dublín, Irlanda;Irlandesa;No aplica;Blanca;No; Land of Her Fathers;Mejor actor;No;1945;Going My Way;1944;ingles;Comedy, Drama, Music;Paramount;Estados Unidos;Ingles
Bette Davis;Femenino;Lowell, Estados Unidos;Estadounidense;No aplica;Blanca;Sí; Bad Sister;Mejor actriz;No;1945;Mr. Skeffington;1944;ingles;Drama, Romance;Warner Bros. Pictures;Estados Unidos;Ingles
Claudette Colbert;Femenino;Saint-Mandé, Francia;Francesa;Estadounidense ;Blanca;Sí; For the Love of Mike;Mejor actriz;No;1945;Since You Went Away;1944;ingles;Drama, Romance, War;Vanguard Films, Selznick International Pictures;Estados Unidos;Ingles
Alexander Knox;Masculino;Strathroy, Canadá;Canadiense;No aplica;Blanca;No; The Gaunt Stranger;Mejor actor;No;1945;Wilson;1944;ingles;Drama, History;20th Century Fox;Estados Unidos;Ingles
Greer Garson;Femenino;Londres, Inglaterra;Británica;Estadounidense ;Blanca;Sí; Goodbye,  Mr. Chips;Mejor actriz;No;1945;Mrs. Parkington;1944;ingles;Drama, Romance;Metro-Goldwyn-Mayer;Estados Unidos;Ingles
Cary Grant;Masculino;Bristol, Inglaterra;Británica;Estadounidense;Blanca;Sí; This Is the Night;Mejor actor;No;1945;None but the Lonely Heart;1944;Inglés;Drama;RKO Radio Pictures;Estados Unidos;Inglés
Ray Milland;Masculino;Neath, Reino Unido;Británica;Estadounidense ;Blanca;No; The Lady from the Sea;Mejor actor;Sí;1946;The Lost Weekend;1945;ingles;Drama;Paramount;Estados Unidos;Ingles
Joan Crawford;Femenino;San Antonio, Estados Unidos;Estadounidense;No aplica;Blanca;Sí; Pretty Ladies;Mejor actriz;Sí;1946;Mildred Pierce;1945;ingles;Crime, Drama;Warner Bros. Pictures;Estados Unidos;Ingles
Gene Tierney;Femenino;Brooklyn, Estados Unidos;Estadounidense;No aplica;Blanca;Sí; The Return of Frank James;Mejor actriz;No;1946;Leave Her to Heaven;1945;ingles;Drama, Romance, Thriller;20th Century Fox;Estados Unidos;Ingles
Gene Kelly;Masculino;Pittsburgh, Estados Unidos;Estadounidense;No aplica;Blanca;Sí; For Me and My Gal;Mejor actor;No;1946;Anchors Aweigh;1945;ingles;Comedy, Fantasy, Music, Romance, War;Metro-Goldwyn-Mayer;Estados Unidos;Ingles, Español
Bing Crosby;Masculino;Tacoma, Estados Unidos;Estadounidense ;No aplica;Blanca;Sí;  King of Jazz;Mejor actor;No;1946;The Bells of St. Mary's;1945;ingles;Comedy, Drama;Republic Pictures, RKO Radio Pictures, Rainbow Productions;Estados Unidos;Ingles
Ingrid Bergman;Femenino;Estocolmo, Suecia;Sueca ;No aplica;Blanca;No; Munkbrogreven;Mejor actriz;No;1946;The Bells of St. Mary's;1945;ingles;Comedy, Drama;Republic Pictures, RKO Radio Pictures, Rainbow Productions;Estados Unidos;Ingles
Greer Garson;Femenino;Londres, Inglaterra;Británica;Estadounidense ;Blanca;Sí; Goodbye,  Mr. Chips;Mejor actriz;No;1946;The Valley of Decision;1945;ingles;Drama;Metro-Goldwyn-Mayer;Estados Unidos;Ingles
Cornel Wilde;Masculino;Prievidza, Eslovaquia;Estadounidense;No aplica;Blanca;Sí; High Sierra;Mejor actor;No;1946;A Song to Remember;1945;ingles;Music, Drama;Columbia Pictures;Estados Unidos;Ingles
Jennifer Jones;Femenino;Tulsa, Estados Unidos;Estadounidense;No aplica;Blanca;Sí; New Frontier;Mejor actriz;No;1946;Love Letters;1945;ingles;Drama, Mystery, Romance;Paramount;Estados Unidos;Ingles
Gregory Peck;Masculino;La Jolla, Estados Unidos;Estadounidense;No aplica;Blanca;Sí; Days of Glory;Mejor actor;No;1946;The Keys of the Kingdom;1945;Inglés;Drama;20th Century Fox;Estados Unidos;Inglés
Jimmy Stewart;Masculino;Indiana, Estados Unidos;Estadounidense ;No aplica;Blanca;Sí; The Murder Man;Mejor actor;No;1947;It's a Wonderful Life;1946;ingles;Drama, Family, Fantasy;Liberty Films;Estados Unidos;Ingles
Fredric March;Masculino;Racine, Estados Unidos;Estadounidense ;No aplica;Blanca;Sí; The Dummy;Mejor actor;Sí;1947;The Best Years of Our Lives;1946;ingles;Drama, Romance, War;Samuel Goldwyn Productions, RKO Radio Pictures;Estados Unidos;Ingles
Jennifer Jones;Femenino;Tulsa, Estados Unidos;Estadounidense;No aplica;Blanca;Sí; New Frontier;Mejor actriz;No;1947;Duel in the Sun;1946;ingles;Western, Romance, Drama;The Selznick Studio, Vanguard Films, United Artists;Estados Unidos;Ingles
Gregory Peck;Masculino;La Jolla, Estados Unidos;Estadounidense;No aplica;Blanca;Sí; Days of Glory;Mejor actor;No;1947;The Yearling;1946;ingles;Drama, Family, Western;Metro-Goldwyn-Mayer;Estados Unidos;Ingles
Jane Wyman;Femenino;Saint Joseph, Estados Unidos;Estadounidense;No aplica;Blanca;Sí; Smart Blonde;Mejor actriz;No;1947;The Yearling;1946;ingles;Drama, Family, Western;Metro-Goldwyn-Mayer;Estados Unidos;Ingles
Olivia de Havilland;Femenino;Tokio, Japón;Británica;Estadounidense;Blanca;Sí; Alibi Ike;Mejor actriz;Sí;1947;To Each His Own;1946;ingles;Drama;Paramount;Estados Unidos;Ingles
Larry Parks;Masculino;Olathe, Estados Unidos;Estadounidense;No aplica;Blanca;Sí; Mystery Ship;Mejor actor;No;1947;The Jolson Story;1946;ingles;Drama, Music;Columbia Pictures;Estados Unidos;Ingles
Rosalind Russell;Femenino;Waterbury, Estados Unidos;Estadounidense;No aplica;Blanca;Sí; Evelyn Prentice;Mejor actriz;No;1947;Sister Kenny;1946;ingles;Drama;RKO Radio Pictures;Estados Unidos;Ingles
Laurence Olivier;Masculino;Dorking, Inglaterra;Británica;No aplica;Blanca;No; The Temporary Widow;Mejor actor;No;1947;Henry V;1946;Inglés;Drama, Historia, Bélica;Two Cities Films, Rank Organisation;Reino Unido;Inglés
Celia Johnson;Femenino;Richmond, Inglaterra;Británica;No aplica;Blanca;No; In Which We Serve;Mejor actriz;No;1947;Brief Encounter;1946;Inglés;Drama, Romance;Cineguild, Independent Producers;Reino Unido;Inglés
Gregory Peck;Masculino;La Jolla, Estados Unidos;Estadounidense;No aplica;Blanca;Sí; Days of Glory;Mejor actor;No;1948;Gentleman's Agreement;1947;ingles;Drama, Romance;20th Century Fox;Estados Unidos;Ingles
Dorothy McGuire;Femenino;Omaha, Estados Unidos;Estadounidense;No aplica;Blanca;Sí; Claudia;Mejor actriz;No;1948;Gentleman's Agreement;1947;ingles;Drama, Romance;20th Century Fox;Estados Unidos;Ingles
John Garfield;Masculino;Nueva York, Estados Unidos;Estadounidense;No aplica;Blanca;Sí; They Made Me a Criminal;Mejor actor;No;1948;Body and Soul;1947;ingles;Drama;Enterprise Productions, United Artists;Estados Unidos;Ingles
Joan Crawford;Femenino;San Antonio, Estados Unidos;Estadounidense;No aplica;Blanca;Sí; Pretty Ladies;Mejor actriz;No;1948;Possessed;1947;ingles;Drama, Romance, Thriller;Warner Bros. Pictures;Estados Unidos;Ingles
Ronald Colman;Masculino;Richmond, Inglaterra;Británica;No aplica;Blanca;No; The Live Wire;Mejor actor;Sí;1948;A Double Life;1947;ingles;Crime, Drama, Thriller;Kanin Productions;Estados Unidos;Ingles
William Powell;Masculino;Pittsburgh, Estados Unidos;Estadounidense;No aplica;Blanca;Sí; Sherlock Holmes;Mejor actor;No;1948;Life with Father;1947;ingles;Comedy, Family;Warner Bros. Pictures;Estados Unidos;Frances, Ingles
Loretta Young;Femenino;Salt Lake City, Estados Unidos;Estadounidense;No aplica;Blanca;Sí; Sirens of the Sea;Mejor actriz;Sí;1948;The Farmer's Daughter;1947;ingles;Comedy, Romance;Vanguard Films, RKO Radio Pictures, Dore Schary Productions;Estados Unidos;Ingles, Sueco
Michael Redgrave;Masculino;Bristol, Inglaterra;Británica;No aplica;Blanca;No; The Lady Vanishes;Mejor actor;No;1948;Mourning Becomes Electra;1947;ingles;Drama;RKO Radio Pictures;Estados Unidos;Ingles
Rosalind Russell;Femenino;Waterbury, Estados Unidos;Estadounidense;No aplica;Blanca;Sí; Evelyn Prentice;Mejor actriz;No;1948;Mourning Becomes Electra;1947;ingles;Drama;RKO Radio Pictures;Estados Unidos;Ingles
Susan Hayward;Femenino;Brooklyn, Estados Unidos;Estadounidense;No aplica;Blanca;Sí; Girls on Probation;Mejor actriz;No;1948;Smash-Up--The Story of a Woman;1947;Inglés;Drama;Universal International Pictures, Walter Wanger Productions;Estados Unidos;Inglés
Laurence Olivier;Masculino;Dorking, Inglaterra;Británica;No aplica;Blanca;No; The Temporary Widow;Mejor actor;Sí;1949;Hamlet;1948;ingles;Drama;Two Cities Films, J. Arthur Rank Organisation;Reino Unido;Ingles
Barbara Stanwyck;Femenino;Brooklyn, Estados Unidos;Estadounidense ;No aplica;Blanca;Sí; The Locked Door;Mejor actriz;No;1949;Sorry, Wrong Number;1948;ingles;Drama, Thriller;Hal Wallis Productions, Paramount;Estados Unidos;Ingles
Olivia de Havilland;Femenino;Tokio, Japón;Británica;Estadounidense;Blanca;Sí; Alibi Ike;Mejor actriz;No;1949;The Snake Pit;1948;ingles;Drama, Mystery;20th Century Fox;Estados Unidos;Ingles
Ingrid Bergman;Femenino;Estocolmo, Suecia;Sueca ;No aplica;Blanca;No; Munkbrogreven;Mejor actriz;No;1949;Joan of Arc;1948;ingles;War, Drama, History;Walter Wanger Productions, RKO Radio Pictures;Estados Unidos;Ingles, Frances
Montgomery Clift;Masculino;Omaha, Estados Unidos;Estadounidense;No aplica;Blanca;Sí; The Search;Mejor actor;No;1949;The Search;1948;ingles;Drama, War;Praesens-Film AG, Metro-Goldwyn-Mayer;Suiza, Estados Unidos;Aleman, Checo, Frances, Hebreo, Hungaro, Ingles, Polaco
Lew Ayres;Masculino;Minneapolis, Estados Unidos;Estadounidense;No aplica;Blanca;Sí; The Kiss;Mejor actor;No;1949;Johnny Belinda;1948;ingles;Drama;Warner Bros. Pictures;Estados Unidos;Ingles
Jane Wyman;Femenino;Saint Joseph, Estados Unidos;Estadounidense;No aplica;Blanca;Sí; Smart Blonde;Mejor actriz;Sí;1949;Johnny Belinda;1948;ingles;Drama;Warner Bros. Pictures;Estados Unidos;Ingles
Irene Dunne;Femenino;Louisville, Estados Unidos;Estadounidense;No aplica;Blanca;Sí; Leathernecking;Mejor actriz;No;1949;I Remember Mama;1948;ingles;Family, Drama;RKO Radio Pictures;Estados Unidos;Ingles, Frances, Norwegian
Clifton Webb;Masculino;Indianápolis, Estados Unidos;Estadounidense;No aplica;Blanca;Sí; Polly with a Past;Mejor actor;No;1949;Sitting Pretty;1948;ingles;Comedy;20th Century Fox;Estados Unidos;Italiano, Ingles
Dan Dailey;Masculino;Nueva York, Estados Unidos;Estadounidense;No aplica;Blanca;Sí; The Mortal Storm;Mejor actor;No;1949;When My Baby Smiles at Me;1948;ingles;Music, Romance;20th Century Fox;Estados Unidos;Ingles
Olivia de Havilland;Femenino;Tokio, Japón;Británica;Estadounidense;Blanca;Sí; Alibi Ike;Mejor actriz;Sí;1950;The Heiress;1949;ingles;Drama, Romance, History;Paramount;Estados Unidos;Ingles
Broderick Crawford;Masculino;Filadelfia, Estados Unidos;Estadounidense;No aplica;Blanca;Sí; Woman Chases Man;Mejor actor;Sí;1950;All the King's Men;1949;ingles;Drama;Columbia Pictures;Estados Unidos;Ingles
Gregory Peck;Masculino;La Jolla, Estados Unidos;Estadounidense;No aplica;Blanca;Sí; Days of Glory;Mejor actor;No;1950;Twelve O'Clock High;1949;ingles;War, Action, Drama;20th Century Fox;Estados Unidos;Ingles
Kirk Douglas;Masculino;Ámsterdam, Estados Unidos;Estadounidense;No aplica;Blanca;Sí; The Strange Love of Martha Ivers;Mejor actor;No;1950;Champion;1949;ingles;Drama;Stanley Kramer Productions, Screen Plays, United Artists;Estados Unidos;Ingles
Jeanne Crain;Femenino;Barstow, Estados Unidos;Estadounidense;No aplica;Blanca;Sí; Home in Indiana;Mejor actriz;No;1950;Pinky;1949;ingles;Drama;20th Century Fox;Estados Unidos;Ingles
Loretta Young;Femenino;Salt Lake City, Estados Unidos;Estadounidense;No aplica;Blanca;Sí; Sirens of the Sea;Mejor actriz;No;1950;Come to the Stable;1949;ingles;Comedy, Drama;20th Century Fox;Estados Unidos;Frances, Ingles
Deborah Kerr;Femenino;Helensburgh, Escocia;Británica;No aplica;Blanca;No; Major Barbara;Mejor actriz;No;1950;Edward, My Son;1949;ingles;Drama;Metro-Goldwyn-Mayer British Studios;Reino Unido;Ingles
Richard Todd;Masculino;Dublín, Irlanda;Irlandesa;Británica;Blanca;No; For Them That Trespass;Mejor actor;No;1950;The Hasty Heart;1949;ingles;Drama, Romance, War;Warner Bros. Pictures;Estados Unidos;Ingles
John Wayne;Masculino;Winterset, Estados Unidos;Estadounidense;No aplica;Blanca;Sí; Words and Music;Mejor actor;No;1950;Sands of Iwo Jima;1949;Inglés;Bélica, Drama, Acción;Republic Pictures;Estados Unidos;Inglés
Susan Hayward;Femenino;Brooklyn, Estados Unidos;Estadounidense;No aplica;Blanca;Sí; Girls on Probation;Mejor actriz;No;1950;My Foolish Heart;1949;Inglés;Drama, Romance;Samuel Goldwyn Productions;Estados Unidos;Inglés
Jimmy Stewart;Masculino;Indiana, Estados Unidos;Estadounidense ;No aplica;Blanca;Sí; The Murder Man;Mejor actor;No;1951;Harvey;1950;ingles;Comedy, Fantasy;Universal International Pictures;Estados Unidos;Ingles
Spencer Tracy;Masculino;Milwaukee, Estados Unidos;Estadounidense;No aplica;Blanca;Sí; Up the River;Mejor actor;No;1951;Father of the Bride;1950;ingles;Comedy, Drama, Family, Romance;Metro-Goldwyn-Mayer;Estados Unidos;Ingles
Judy Holliday;Femenino;Nueva York, Estados Unidos;Estadounidense;No aplica;Blanca;Sí; Winged Victory;Mejor actriz;Sí;1951;Born Yesterday;1950;ingles;Comedy, Drama, Romance;Columbia Pictures;Estados Unidos;Ingles
Eleanor Parker;Femenino;Cedarville, Estados Unidos;Estadounidense;No aplica;Blanca;Sí; Busses Roar;Mejor actriz;No;1951;Caged;1950;ingles;Crime, Drama;Warner Bros. Pictures;Estados Unidos;Ingles
José Ferrer;Masculino;Santurce, Puerto Rico;Puertorriqueña;No aplica;Hispana;Sí; Joan of Arc;Mejor actor;Sí;1951;Cyrano de Bergerac;1950;ingles;Adventure, Drama, Romance;Stanley Kramer Productions;Estados Unidos;Ingles
Louis Calhern;Masculino;Brooklyn, Estados Unidos;Estadounidense;No aplica;Blanca;Sí; What's Worth While?;Mejor actor;No;1951;The Magnificent Yankee;1950;ingles;Drama;Metro-Goldwyn-Mayer;Estados Unidos;Ingles
William Holden;Masculino;O'Fallon, Estados Unidos;Estadounidense ;No aplica;Blanca;Sí; Golden Boy;Mejor actor;No;1951;Sunset Blvd.;1950;Inglés;Drama;Paramount Pictures;Estados Unidos;Inglés
Gloria Swanson;Femenino;Chicago, Estados Unidos;Estadounidense;No aplica;Blanca;Sí; The Fable of Elvira and Farina and the Meal Ticket;Mejor actriz;No;1951;Sunset Blvd.;1950;Inglés;Drama;Paramount Pictures;Estados Unidos;Inglés
Anne Baxter;Femenino;Michigan City, Estados Unidos;Estadounidense;No aplica;Blanca;Sí; 20 Mule Team;Mejor actriz;No;1951;All about Eve;1950;Inglés;Drama;20th Century Fox;Estados Unidos;Inglés
Bette Davis;Femenino;Lowell, Estados Unidos;Estadounidense;No aplica;Blanca;Sí; Bad Sister;Mejor actriz;No;1951;All about Eve;1950;Inglés;Drama;20th Century Fox;Estados Unidos;Inglés
Marlon Brando;Masculino;Omaha, Estados Unidos;Estadounidense;No aplica;Blanca;Sí; The Men;Mejor actor;No;1952;A Streetcar Named Desire;1951;ingles;Drama;Charles K. Feldman Group, Warner Bros. Pictures;Estados Unidos;Ingles
Vivien Leigh;Femenino;Darjeeling, India;Británica;No aplica;Blanca;No; The Village Squire;Mejor actriz;Sí;1952;A Streetcar Named Desire;1951;ingles;Drama;Charles K. Feldman Group, Warner Bros. Pictures;Estados Unidos;Ingles
Montgomery Clift;Masculino;Omaha, Estados Unidos;Estadounidense;No aplica;Blanca;Sí; The Search;Mejor actor;No;1952;A Place in the Sun;1951;ingles;Drama, Romance, Crime;Paramount, George Stevens Productions;Estados Unidos;Ingles
Shelley Winters;Femenino;San Luis, Estados Unidos;Estadounidense;No aplica;Blanca;Sí; Sailor's Holiday;Mejor actriz;No;1952;A Place in the Sun;1951;ingles;Drama, Romance, Crime;Paramount, George Stevens Productions;Estados Unidos;Ingles
Eleanor Parker;Femenino;Cedarville, Estados Unidos;Estadounidense;No aplica;Blanca;Sí; Busses Roar;Mejor actriz;No;1952;Detective Story;1951;ingles;Crime, Drama;Paramount;Estados Unidos;Ingles
Arthur Kennedy;Masculino;Worcester, Estados Unidos;Estadounidense;No aplica;Blanca;Sí; City for Conquest;Mejor actor;No;1952;Bright Victory;1951;ingles;Drama, Romance, War;Universal International Pictures;Estados Unidos;Ingles
Fredric March;Masculino;Racine, Estados Unidos;Estadounidense ;No aplica;Blanca;Sí; The Dummy;Mejor actor;No;1952;Death of a Salesman;1951;ingles;Drama;Stanley Kramer Productions;Estados Unidos;Ingles
Jane Wyman;Femenino;Saint Joseph, Estados Unidos;Estadounidense;No aplica;Blanca;Sí; Smart Blonde;Mejor actriz;No;1952;The Blue Veil;1951;ingles;Drama;Wald/Krasna Productions;Estados Unidos;Ingles
Humphrey Bogart;Masculino;Nueva York, Estados Unidos;Estadounidense;No aplica;Blanca;Sí; Up the River;Mejor actor;Sí;1952;The African Queen;1951;Inglés;Aventura, Romance, Bélica;Romulus Films, Horizon Pictures;Reino Unido, Estados Unidos;Inglés
Katharine Hepburn;Femenino;Hartford, Estados Unidos;Estadounidense;No aplica;Blanca;Sí; A Bill of Divorcement;Mejor actriz;No;1952;The African Queen;1951;Inglés;Aventura, Romance, Bélica;Romulus Films, Horizon Pictures;Reino Unido, Estados Unidos;Inglés
Gary Cooper;Masculino;Helena, Estados Unidos;Estadounidense ;No aplica;Blanca;Sí; The Winning of Barbara Worth;Mejor actor;Sí;1953;High Noon;1952;ingles;Western, Drama;Stanley Kramer Productions, United Artists;Estados Unidos;Ingles, Frances, Italiano
Kirk Douglas;Masculino;Ámsterdam, Estados Unidos;Estadounidense;No aplica;Blanca;Sí; The Strange Love of Martha Ivers;Mejor actor;No;1953;The Bad and the Beautiful;1952;ingles;Drama, Romance;Metro-Goldwyn-Mayer;Estados Unidos;Ingles
Marlon Brando;Masculino;Omaha, Estados Unidos;Estadounidense;No aplica;Blanca;Sí; The Men;Mejor actor;No;1953;Viva Zapata!;1952;ingles;History, Western;20th Century Fox;Estados Unidos;Aleman, Ingles, Italiano
Joan Crawford;Femenino;San Antonio, Estados Unidos;Estadounidense;No aplica;Blanca;Sí; Pretty Ladies;Mejor actriz;No;1953;Sudden Fear;1952;ingles;Thriller;Joseph Kaufman Productions;Estados Unidos;Ingles
José Ferrer;Masculino;Santurce, Puerto Rico;Puertorriqueña;No aplica;Hispana;Sí; Joan of Arc;Mejor actor;No;1953;Moulin Rouge;1952;ingles;Drama, Music;United Artists, Romulus Films;Reino Unido;Ingles
Bette Davis;Femenino;Lowell, Estados Unidos;Estadounidense;No aplica;Blanca;Sí; Bad Sister;Mejor actriz;No;1953;The Star;1952;ingles;Drama, Romance;Bert E. Friedlob Productions;Estados Unidos;Ingles
Shirley Booth;Femenino;Nueva York, Estados Unidos;Estadounidense;No aplica;Blanca;Sí; Come Back, Little Sheba;Mejor actriz;Sí;1953;Come Back, Little Sheba;1952;ingles;Romance, Drama;Paramount;Estados Unidos;Ingles
Julie Harris;Femenino;Parque Grosse Pointe, Estados Unidos;Estadounidense;No aplica;Blanca;Sí; The Member of the Wedding;Mejor actriz;No;1953;The Member of the Wedding;1952;ingles;Drama;Stanley Kramer Productions;Estados Unidos;Ingles
Susan Hayward;Femenino;Brooklyn, Estados Unidos;Estadounidense;No aplica;Blanca;Sí; Girls on Probation;Mejor actriz;No;1953;With a Song in My Heart;1952;ingles;Drama, Music;20th Century Fox;Estados Unidos;Ingles
Alec Guinness;Masculino;Londres, Inglaterra;Británica;No aplica;Blanca;No; Great Expectations;Mejor actor;No;1953;The Lavender Hill Mob;1952;Inglés;Comedia, Crimen;Ealing Studios;Reino Unido;Inglés
Audrey Hepburn;Femenino;Ixelles, Bélgica;Británica;No aplica;Blanca;No; One Wild Oat;Mejor actriz;Sí;1954;Roman Holiday;1953;ingles;Romance, Comedy, Drama;Paramount;Estados Unidos;Ingles, Italiano
Montgomery Clift;Masculino;Omaha, Estados Unidos;Estadounidense;No aplica;Blanca;Sí; The Search;Mejor actor;No;1954;From Here to Eternity;1953;ingles;War, Romance, Drama;Columbia Pictures;Estados Unidos;Ingles, Italiano
Burt Lancaster;Masculino;Manhattan, Estados Unidos;Estadounidense ;No aplica;Blanca;Sí; The Killers;Mejor actor;No;1954;From Here to Eternity;1953;ingles;War, Romance, Drama;Columbia Pictures;Estados Unidos;Ingles, Italiano
Deborah Kerr;Femenino;Helensburgh, Escocia;Británica;No aplica;Blanca;No; Major Barbara;Mejor actriz;No;1954;From Here to Eternity;1953;ingles;War, Romance, Drama;Columbia Pictures;Estados Unidos;Ingles, Italiano
William Holden;Masculino;O'Fallon, Estados Unidos;Estadounidense ;No aplica;Blanca;Sí; Golden Boy;Mejor actor;Sí;1954;Stalag 17;1953;ingles;Comedy, War, Mystery, Drama;Paramount;Estados Unidos;Ingles, Aleman, Ruso
Richard Burton;Masculino;Pontrhydyfen, Reino Unido;Británica ;No aplica;Blanca;No; The Last Days of Dolwyn;Mejor actor;No;1954;The Robe;1953;ingles;Drama, History;20th Century Fox;Estados Unidos;Ingles
Marlon Brando;Masculino;Omaha, Estados Unidos;Estadounidense;No aplica;Blanca;Sí; The Men;Mejor actor;No;1954;Julius Caesar;1953;ingles;Drama, History;Metro-Goldwyn-Mayer;Estados Unidos;Ingles
Ava Gardner;Femenino;Brogden, Estados Unidos;Estadounidense;No aplica;Blanca;Sí; Ghosts on the Loose;Mejor actriz;No;1954;Mogambo;1953;ingles;Adventure, Drama, Romance;Metro-Goldwyn-Mayer;Estados Unidos;Ingles
Leslie Caron;Femenino;Boulogne-Billancourt, Francia;Francesa;Estadounidense ;Blanca;Sí; An American in Paris;Mejor actriz;No;1954;Lili;1953;ingles;Drama, Family, Music, Romance;Loew's Incorporated, Metro-Goldwyn-Mayer;Estados Unidos;Ingles
Maggie McNamara;Femenino;Manhattan, Estados Unidos;Estadounidense;No aplica;Blanca;Sí; The Moon Is Blue;Mejor actriz;No;1954;The Moon Is Blue;1953;ingles;Comedy, Romance;Otto Preminger Films, United Artists;Estados Unidos;Ingles
Marlon Brando;Masculino;Omaha, Estados Unidos;Estadounidense;No aplica;Blanca;Sí; The Men;Mejor actor;Sí;1955;On the Waterfront;1954;ingles;Crime, Drama;Columbia Pictures, Horizon Pictures;Estados Unidos;Ingles
Audrey Hepburn;Femenino;Ixelles, Bélgica;Británica;No aplica;Blanca;No; One Wild Oat;Mejor actriz;No;1955;Sabrina;1954;ingles;Comedy, Romance;Paramount;Estados Unidos;Ingles, Frances
Humphrey Bogart;Masculino;Nueva York, Estados Unidos;Estadounidense;No aplica;Blanca;Sí; Up the River;Mejor actor;No;1955;The Caine Mutiny;1954;ingles;Drama, War;Stanley Kramer Productions, Columbia Pictures;Estados Unidos;Ingles
James Mason;Masculino;Huddersfield, Inglaterra;Británica;No aplica;Blanca;No; Late Extra;Mejor actor;No;1955;A Star Is Born;1954;ingles;Drama, Music, Romance;Transcona Enterprises, Warner Bros. Pictures;Estados Unidos;Ingles
Judy Garland;Femenino;Grand Rapids, Estados Unidos;Estadounidense ;No aplica;Blanca;Sí; The Wedding of Jack and Jill;Mejor actriz;No;1955;A Star Is Born;1954;ingles;Drama, Music, Romance;Transcona Enterprises, Warner Bros. Pictures;Estados Unidos;Ingles
Jane Wyman;Femenino;Saint Joseph, Estados Unidos;Estadounidense;No aplica;Blanca;Sí; Smart Blonde;Mejor actriz;No;1955;Magnificent Obsession;1954;ingles;Drama, Romance;Universal International Pictures;Estados Unidos;Aleman, Ingles
Dorothy Dandridge;Femenino;Cleveland, Estados Unidos;Estadounidense ;No aplica;Negra;Sí; The Big Broadcast of 1936;Mejor actriz;No;1955;Carmen Jones;1954;ingles;Drama, Romance;Carlyle Productions;Estados Unidos;Ingles
Bing Crosby;Masculino;Tacoma, Estados Unidos;Estadounidense ;No aplica;Blanca;Sí;  King of Jazz;Mejor actor;No;1955;The Country Girl;1954;ingles;Music, Drama;Paramount, Perlberg-Seaton Productions;Estados Unidos;Español, Ingles
Grace Kelly;Femenino;Filadelfia, Estados Unidos;Estadounidense;Monegasca;Blanca;Sí; Fourteen Hours;Mejor actriz;Sí;1955;The Country Girl;1954;ingles;Music, Drama;Paramount, Perlberg-Seaton Productions;Estados Unidos;Español, Ingles
Dan O'Herlihy;Masculino;Wexford, Irlanda;Irlandesa;Estadounidense;Blanca;No; Hungry Hill;Mejor actor;No;1955;Adventures of Robinson Crusoe;1954;Inglés;Aventura, Drama;Tepeyac Productions, Oscar Dancigers;México, Estados Unidos;Inglés, español
James Dean;Masculino;Marion, Estados Unidos;Estadounidense ;No aplica;Blanca;Sí; East of Eden;Mejor actor;No;1956;East of Eden;1955;ingles;Drama;Warner Bros. Pictures;Estados Unidos;Ingles
Ernest Borgnine;Masculino;Hamden, Estados Unidos;Estadounidense ;No aplica;Blanca;Sí; China Corsair;Mejor actor;Sí;1956;Marty;1955;ingles;Drama, Romance;United Artists, Hecht-Lancaster Productions;Estados Unidos;Ingles
Spencer Tracy;Masculino;Milwaukee, Estados Unidos;Estadounidense;No aplica;Blanca;Sí; Up the River;Mejor actor;No;1956;Bad Day at Black Rock;1955;ingles;Thriller, Drama, Mystery, Western;Loew's Incorporated, Metro-Goldwyn-Mayer;Estados Unidos;Ingles
Frank Sinatra;Masculino;Hoboken, Estados Unidos;Estadounidense;No aplica;Blanca;Sí; Reveille with Beverly;Mejor actor;No;1956;The Man with the Golden Arm;1955;ingles;Drama, Crime;Otto Preminger Films;Estados Unidos;Ingles
Katharine Hepburn;Femenino;Hartford, Estados Unidos;Estadounidense;No aplica;Blanca;Sí; A Bill of Divorcement;Mejor actriz;No;1956;Summertime;1955;ingles;Drama, Romance;London Films Productions, Lopert Pictures Corporation;Reino Unido, Estados Unidos;Ingles, Italiano
Jennifer Jones;Femenino;Tulsa, Estados Unidos;Estadounidense;No aplica;Blanca;Sí; New Frontier;Mejor actriz;No;1956;Love Is a Many-Splendored Thing;1955;ingles;Drama, Romance;20th Century Fox;Estados Unidos;Mandarin, Ingles
Anna Magnani;Femenino;Roma, Italia;Italiana;No aplica;Blanca;No; La cieca di Sorrento;Mejor actriz;Sí;1956;The Rose Tattoo;1955;ingles;Drama, Romance;Paramount;Estados Unidos;Ingles, Italiano
James Cagney;Masculino;Manhattan, Estados Unidos;Estadounidense ;No aplica;Blanca;Sí; Sinners' Holiday;Mejor actor;No;1956;Love Me or Leave Me;1955;ingles;Drama, Music, Romance;Metro-Goldwyn-Mayer;Estados Unidos;Ingles
Susan Hayward;Femenino;Brooklyn, Estados Unidos;Estadounidense;No aplica;Blanca;Sí; Girls on Probation;Mejor actriz;No;1956;I'll Cry Tomorrow;1955;ingles;Drama;Metro-Goldwyn-Mayer;Estados Unidos;Ingles
Eleanor Parker;Femenino;Cedarville, Estados Unidos;Estadounidense;No aplica;Blanca;Sí; Busses Roar;Mejor actriz;No;1956;Interrupted Melody;1955;ingles;Drama, Music;Metro-Goldwyn-Mayer;Estados Unidos;Ingles
James Dean;Masculino;Marion, Estados Unidos;Estadounidense ;No aplica;Blanca;Sí; East of Eden;Mejor actor;No;1957;Giant;1956;ingles;Drama, Western;Warner Bros. Pictures, George Stevens Productions;Estados Unidos;Ingles, Español
Rock Hudson;Masculino;Winnetka, Estados Unidos;Estadounidense;No aplica;Blanca;Sí; Undertow;Mejor actor;No;1957;Giant;1956;ingles;Drama, Western;Warner Bros. Pictures, George Stevens Productions;Estados Unidos;Ingles, Español
Yul Brynner;Masculino;Vladivostok, Rusia;Estadounidense;Suiza;Blanca;Sí; Port of New York;Mejor actor;Sí;1957;The King and I;1956;ingles;Drama, Romance, Adventure, Music;20th Century Fox;Estados Unidos;Ingles, Italiano, Tailandes
Deborah Kerr;Femenino;Helensburgh, Escocia;Británica;No aplica;Blanca;No; Major Barbara;Mejor actriz;No;1957;The King and I;1956;ingles;Drama, Romance, Adventure, Music;20th Century Fox;Estados Unidos;Ingles, Italiano, Tailandes
Nancy Kelly;Femenino;Lowell, Estados Unidos;Estadounidense;No aplica;Blanca;Sí; The Untamed Lady;Mejor actriz;No;1957;The Bad Seed;1956;ingles;Thriller, Mystery, Horror, Drama;Warner Bros. Pictures;Estados Unidos;Ingles
Kirk Douglas;Masculino;Ámsterdam, Estados Unidos;Estadounidense;No aplica;Blanca;Sí; The Strange Love of Martha Ivers;Mejor actor;No;1957;Lust for Life;1956;ingles;Drama, History;Metro-Goldwyn-Mayer;Estados Unidos;Ingles
Ingrid Bergman;Femenino;Estocolmo, Suecia;Sueca ;No aplica;Blanca;No; Munkbrogreven;Mejor actriz;Sí;1957;Anastasia;1956;ingles;Drama, History, Romance;20th Century Fox;Estados Unidos;Ingles, Frances
Carroll Baker;Femenino;Johnstown, Estados Unidos;Estadounidense;No aplica;Blanca;Sí; Easy to Love;Mejor actriz;No;1957;Baby Doll;1956;ingles;Drama;Newtown Productions, Warner Bros. Pictures;Estados Unidos;Ingles
Katharine Hepburn;Femenino;Hartford, Estados Unidos;Estadounidense;No aplica;Blanca;Sí; A Bill of Divorcement;Mejor actriz;No;1957;The Rainmaker;1956;ingles;Romance, Western;Hal Wallis Productions, Paramount;Estados Unidos;Ingles
Laurence Olivier;Masculino;Dorking, Inglaterra;Británica;No aplica;Blanca;No; The Temporary Widow;Mejor actor;No;1957;Richard III;1956;Inglés;Drama, Historia;London Film Productions;Reino Unido;Inglés
Alec Guinness;Masculino;Londres, Inglaterra;Británica;No aplica;Blanca;No; Great Expectations;Mejor actor;Sí;1958;The Bridge on the River Kwai;1957;ingles;Drama, History, War;Horizon Pictures, Columbia Pictures;Reino Unido, Estados Unidos;Japones, Tailandes, Ingles
Charles Laughton;Masculino;Scarborough, Inglaterra;Británica;Estadounidense ;Blanca;No; The Tonic;Mejor actor;No;1958;Witness for the Prosecution;1957;ingles;Drama, Mystery, Crime;Edward Small Productions, United Artists;Estados Unidos;Aleman, Ingles
Joanne Woodward;Femenino;Thomasville, Estados Unidos;Estadounidense;No aplica;Blanca;Sí; Count Three and Pray;Mejor actriz;Sí;1958;The Three Faces of Eve;1957;ingles;Drama;20th Century Fox;Estados Unidos;Ingles
Marlon Brando;Masculino;Omaha, Estados Unidos;Estadounidense;No aplica;Blanca;Sí; The Men;Mejor actor;No;1958;Sayonara;1957;ingles;Drama, Romance;Pennebaker Productions, William Goetz Productions, Warner Bros. Pictures;Estados Unidos;Ingles, Japones
Deborah Kerr;Femenino;Helensburgh, Escocia;Británica;No aplica;Blanca;No; Major Barbara;Mejor actriz;No;1958;Heaven Knows, Mr. Allison;1957;ingles;Adventure, War, Drama;20th Century Fox;Estados Unidos;Ingles, Japones
Lana Turner;Femenino;Wallace, Estados Unidos;Estadounidense;No aplica;Blanca;Sí; They Won't Forget;Mejor actriz;No;1958;Peyton Place;1957;ingles;Drama, Romance;Jerry Wald Productions, 20th Century Fox;Estados Unidos;Ingles
Elizabeth Taylor;Femenino;Londres, Inglaterra;Británica;Estadounidense;Blanca;Sí; There's One Born Every Minute;Mejor actriz;No;1958;Raintree County;1957;ingles;Drama, Romance, History;Metro-Goldwyn-Mayer;Estados Unidos;Ingles
Anthony Franciosa;Masculino;Nueva York, Estados Unidos;Estadounidense;No aplica;Blanca;Sí; This Could Be the Night;Mejor actor;No;1958;A Hatful of Rain;1957;ingles;Drama;20th Century Fox;Estados Unidos;Ingles, Frances, Italiano
Anthony Quinn;Masculino;Chihuahua, México;Mexicana;Estadounidense ;Hispana;Sí; Parole!;Mejor actor;No;1958;Wild Is the Wind;1957;ingles;Drama, Romance;Wallis-Hazen Inc.;Estados Unidos;Ingles
Anna Magnani;Femenino;Roma, Italia;Italiana;No aplica;Blanca;No; La cieca di Sorrento;Mejor actriz;No;1958;Wild Is the Wind;1957;ingles;Drama, Romance;Wallis-Hazen Inc.;Estados Unidos;Ingles
Paul Newman;Masculino;Shaker Heights, Estados Unidos;Estadounidense;No aplica;Blanca;Sí; The Silver Chalice;Mejor actor;No;1959;Cat on a Hot Tin Roof;1958;ingles;Drama;Avon Productions, Metro-Goldwyn-Mayer;Estados Unidos;Ingles
Elizabeth Taylor;Femenino;Londres, Inglaterra;Británica;Estadounidense;Blanca;Sí; There's One Born Every Minute;Mejor actriz;No;1959;Cat on a Hot Tin Roof;1958;ingles;Drama;Avon Productions, Metro-Goldwyn-Mayer;Estados Unidos;Ingles
Tony Curtis;Masculino;Manhattan, Estados Unidos;Estadounidense;No aplica;Blanca;Sí; City Across the River;Mejor actor;No;1959;The Defiant Ones;1958;ingles;Crime, Drama;Curtleigh Productions, Stanley Kramer Productions, United Artists;Estados Unidos;Ingles
Sidney Poitier;Masculino;Miami, Estados Unidos;Bahameña;Estadounidense;Negra;Sí; No Way Out;Mejor actor;No;1959;The Defiant Ones;1958;ingles;Crime, Drama;Curtleigh Productions, Stanley Kramer Productions, United Artists;Estados Unidos;Ingles
Spencer Tracy;Masculino;Milwaukee, Estados Unidos;Estadounidense;No aplica;Blanca;Sí; Up the River;Mejor actor;No;1959;The Old Man and the Sea;1958;ingles;Adventure, Drama;Leland Hayward Productions, Warner Bros. Pictures;Estados Unidos;Ingles
Shirley MacLaine;Femenino;Richmond, Estados Unidos;Estadounidense;No aplica;Blanca;Sí; The Trouble with Harry;Mejor actriz;No;1959;Some Came Running;1958;ingles;Drama, Romance;Metro-Goldwyn-Mayer;Estados Unidos;Ingles
David Niven;Masculino;Londres, Inglaterra;Británica;No aplica;Blanca;Sí; Without Regret;Mejor actor;Sí;1959;Separate Tables;1958;ingles;Drama, Romance;Norlan Productions, Hecht-Hill-Lancaster Productions, Clifton Productions;Estados Unidos;Ingles
Deborah Kerr;Femenino;Helensburgh, Escocia;Británica;No aplica;Blanca;No; Major Barbara;Mejor actriz;No;1959;Separate Tables;1958;ingles;Drama, Romance;Norlan Productions, Hecht-Hill-Lancaster Productions, Clifton Productions;Estados Unidos;Ingles
Rosalind Russell;Femenino;Waterbury, Estados Unidos;Estadounidense;No aplica;Blanca;Sí; Evelyn Prentice;Mejor actriz;No;1959;Auntie Mame;1958;ingles;Comedy, Drama;Warner Bros. Pictures;Estados Unidos;Frances, Ingles
Susan Hayward;Femenino;Brooklyn, Estados Unidos;Estadounidense;No aplica;Blanca;Sí; Girls on Probation;Mejor actriz;Sí;1959;I Want to Live!;1958;ingles;Crime, Drama;United Artists, Figaro Incorporated Production;Estados Unidos;Ingles
Jack Lemmon;Masculino;Newton, Estados Unidos;Estadounidense;No aplica;Blanca;Sí; It Should Happen to You;Mejor actor;No;1960;Some Like It Hot;1959;ingles;Comedy, Romance, Crime;The Mirisch Company, Ashton Productions, United Artists;Estados Unidos;Ingles
Charlton Heston;Masculino;Evanston, Estados Unidos;Estadounidense;No aplica;Blanca;Sí; Peer Gynt;Mejor actor;Sí;1960;Ben-Hur;1959;ingles;Action, Drama, History, Adventure;Metro-Goldwyn-Mayer;Estados Unidos;Ingles
Jimmy Stewart;Masculino;Indiana, Estados Unidos;Estadounidense ;No aplica;Blanca;Sí; The Murder Man;Mejor actor;No;1960;Anatomy of a Murder;1959;ingles;Crime, Drama, Mystery;Columbia Pictures;Estados Unidos;Ingles
Doris Day;Femenino;Cincinnati, Estados Unidos;Estadounidense ;No aplica;Blanca;Sí; Romance on the High Seas;Mejor actriz;No;1960;Pillow Talk;1959;ingles;Comedy, Romance;Arwin Productions;Estados Unidos;Ingles, Frances
Katharine Hepburn;Femenino;Hartford, Estados Unidos;Estadounidense;No aplica;Blanca;Sí; A Bill of Divorcement;Mejor actriz;No;1960;Suddenly, Last Summer;1959;ingles;Thriller, Drama, Mystery;Horizon Pictures, Academy Pictures Corporation, Camp Films, Columbia Pictures;Reino Unido, Estados Unidos;Ingles
Elizabeth Taylor;Femenino;Londres, Inglaterra;Británica;Estadounidense;Blanca;Sí; There's One Born Every Minute;Mejor actriz;No;1960;Suddenly, Last Summer;1959;ingles;Thriller, Drama, Mystery;Horizon Pictures, Academy Pictures Corporation, Camp Films, Columbia Pictures;Reino Unido, Estados Unidos;Ingles
Audrey Hepburn;Femenino;Ixelles, Bélgica;Británica;No aplica;Blanca;No; One Wild Oat;Mejor actriz;No;1960;The Nun's Story;1959;ingles;Drama;Warner Bros. Pictures;Estados Unidos;Ingles, Latin, Swahili
Laurence Harvey;Masculino;Jonischkis, Lituania;Británica;No aplica;Blanca;No; House of Darkness;Mejor actor;No;1960;Room at the Top;1959;ingles;Drama, Romance;Romulus Films, Remus;Reino Unido;Ingles
Simone Signoret;Femenino;Wiesbaden, Alemania;Francesa ;No aplica;Blanca;No; Béatrice devant le désir;Mejor actriz;Sí;1960;Room at the Top;1959;ingles;Drama, Romance;Romulus Films, Remus;Reino Unido;Ingles
Paul Muni;Masculino;Leópolis, Ucrania;Estadounidense;No aplica;Blanca;Sí; The Valiant;Mejor actor;No;1960;The Last Angry Man;1959;ingles;Drama;Columbia Pictures;Estados Unidos;Ingles
Jack Lemmon;Masculino;Newton, Estados Unidos;Estadounidense;No aplica;Blanca;Sí; It Should Happen to You;Mejor actor;No;1961;The Apartment;1960;ingles;Comedy, Drama, Romance;The Mirisch Company, United Artists;Estados Unidos;Ingles
Shirley MacLaine;Femenino;Richmond, Estados Unidos;Estadounidense;No aplica;Blanca;Sí; The Trouble with Harry;Mejor actriz;No;1961;The Apartment;1960;ingles;Comedy, Drama, Romance;The Mirisch Company, United Artists;Estados Unidos;Ingles
Spencer Tracy;Masculino;Milwaukee, Estados Unidos;Estadounidense;No aplica;Blanca;Sí; Up the River;Mejor actor;No;1961;Inherit the Wind;1960;ingles;Drama;Stanley Kramer Productions, United Artists;Estados Unidos;Ingles, Italiano
Burt Lancaster;Masculino;Manhattan, Estados Unidos;Estadounidense ;No aplica;Blanca;Sí; The Killers;Mejor actor;Sí;1961;Elmer Gantry;1960;ingles;Drama;United Artists;Estados Unidos;Ingles
Elizabeth Taylor;Femenino;Londres, Inglaterra;Británica;Estadounidense;Blanca;Sí; There's One Born Every Minute;Mejor actriz;Sí;1961;Butterfield 8;1960;ingles;Drama;Afton-Linebrook;Estados Unidos;Ingles
Melina Mercouri;Femenino;Atenas, Grecia;Griega;No aplica;Blanca;No; Stella;Mejor actriz;No;1961;Never on Sunday;1960;ingles;Comedy, Romance;MelinaFilm, Lopert Pictures Corporation;Greece;Ingles, Griego, Ruso
Deborah Kerr;Femenino;Helensburgh, Escocia;Británica;No aplica;Blanca;No; Major Barbara;Mejor actriz;No;1961;The Sundowners;1960;ingles;Adventure;Warner Bros. Pictures;Reino Unido;Ingles
Laurence Olivier;Masculino;Dorking, Inglaterra;Británica;No aplica;Blanca;No; The Temporary Widow;Mejor actor;No;1961;The Entertainer;1960;ingles;Drama;Woodfall Film Productions;Reino Unido;Ingles
Trevor Howard;Masculino;Cliftonville, Inglaterra;Británica;No aplica;Blanca;No; The Way to the Stars;Mejor actor;No;1961;Sons and Lovers;1960;ingles;Drama;20th Century Fox;Reino Unido;Ingles
Greer Garson;Femenino;Londres, Inglaterra;Británica;Estadounidense ;Blanca;Sí; Goodbye, Mr. Chips;Mejor actriz;No;1961;Sunrise at Campobello;1960;ingles;Drama, History;Dore Schary Productions;Estados Unidos;Ingles
Audrey Hepburn;Femenino;Ixelles, Bélgica;Británica;No aplica;Blanca;No; One Wild Oat;Mejor actriz;No;1962;Breakfast at Tiffany's;1961;ingles;Comedy, Romance, Drama;Paramount, Jurow-Shepherd;Estados Unidos;Ingles, Portuguese
Paul Newman;Masculino;Shaker Heights, Estados Unidos;Estadounidense;No aplica;Blanca;Sí; The Silver Chalice;Mejor actor;No;1962;The Hustler;1961;ingles;Drama, Romance;Rossen Films, 20th Century Fox;Estados Unidos;Ingles
Piper Laurie;Femenino;Detroit, Estados Unidos;Estadounidense;No aplica;Blanca;Sí; Louisa;Mejor actriz;No;1962;The Hustler;1961;ingles;Drama, Romance;Rossen Films, 20th Century Fox;Estados Unidos;Ingles
Maximilian Schell;Masculino;Viena, Austria;Austríaca;Suiza;Blanca;No; Kinder, Mütter und ein General;Mejor actor;Sí;1962;Judgment at Nuremberg;1961;ingles;Drama;United Artists, Roxlom Films;Estados Unidos;Ingles, Aleman
Spencer Tracy;Masculino;Milwaukee, Estados Unidos;Estadounidense;No aplica;Blanca;Sí; Up the River;Mejor actor;No;1962;Judgment at Nuremberg;1961;ingles;Drama;United Artists, Roxlom Films;Estados Unidos;Ingles, Aleman
Natalie Wood;Femenino;San Francisco, Estados Unidos;Estadounidense;No aplica;Blanca;Sí; Tomorrow Is Forever;Mejor actriz;No;1962;Splendor in the Grass;1961;ingles;Drama, Romance;Newton Productions, NBI Productions, Warner Bros. Pictures;Estados Unidos;Ingles
Charles Boyer;Masculino;Figeac, Francia;Francesa;Estadounidense ;Blanca;No; L'Homme du large;Mejor actor;No;1962;Fanny;1961;ingles;Drama, Romance;Mansfield Productions, Warner Bros. Pictures;Estados Unidos;Ingles
Geraldine Page;Femenino;Kirksville, Estados Unidos;Estadounidense;No aplica;Blanca;Sí; Hondo;Mejor actriz;No;1962;Summer and Smoke;1961;ingles;Drama, Romance;Paramount, Hal Wallis Productions;Estados Unidos;Ingles
Stuart Whitman;Masculino;San Francisco, Estados Unidos;Estadounidense;No aplica;Blanca;Sí; All American;Mejor actor;No;1962;The Mark;1961;ingles;Drama;Buckman, Raymond Stross Productions;Reino Unido;Ingles
Sophia Loren;Femenino;Roma, Italia;Italiana;Francesa;Blanca;No; Lebbra bianca;Mejor actriz;Sí;1962;Two Women;1961;Italiano;Drama, Bélica;Compagnia Cinematografica Champion, Les Films Marceau, Cocinor, Société Générale de Cinématographie;Italia, Francia;Italiano
Peter O'Toole;Masculino;Leeds, Inglaterra;Británica;irlandesa;Blanca;Sí; Kidnapped;Mejor actor;No;1963;Lawrence of Arabia;1962;ingles;Adventure, Drama, History, War;Horizon Pictures;Reino Unido;Ingles, Arabe, Turco
Gregory Peck;Masculino;La Jolla, Estados Unidos;Estadounidense;No aplica;Blanca;Sí; Days of Glory;Mejor actor;Sí;1963;To Kill a Mockingbird;1962;ingles;Drama;Pakula-Mulligan, Brentwood Productions;Estados Unidos;Ingles, Aleman
Bette Davis;Femenino;Lowell, Estados Unidos;Estadounidense;No aplica;Blanca;Sí; Bad Sister;Mejor actriz;No;1963;What Ever Happened to Baby Jane?;1962;ingles;Drama, Horror, Thriller;The Associates & Aldrich Company, Seven Arts Productions, Warner Bros. Pictures;Estados Unidos;Ingles
Anne Bancroft;Femenino;Bronx, Estados Unidos;Estadounidense;No aplica;Blanca;Sí; Don't Bother to Knock;Mejor actriz;Sí;1963;The Miracle Worker;1962;ingles;Drama;Playfilm Productions;Estados Unidos;Ingles
Burt Lancaster;Masculino;Manhattan, Estados Unidos;Estadounidense ;No aplica;Blanca;Sí; The Killers;Mejor actor;No;1963;Birdman of Alcatraz;1962;ingles;Crime, Drama;Norma Productions, United Artists;Estados Unidos;Ingles
Geraldine Page;Femenino;Kirksville, Estados Unidos;Estadounidense;No aplica;Blanca;Sí; Hondo;Mejor actriz;No;1963;Sweet Bird of Youth;1962;ingles;Drama, Romance;Roxbury Productions, Metro-Goldwyn-Mayer;Estados Unidos;Ingles
Jack Lemmon;Masculino;Newton, Estados Unidos;Estadounidense;No aplica;Blanca;Sí; It Should Happen to You;Mejor actor;No;1963;Days of Wine and Roses;1962;Inglés;Drama;Jalem Productions, Warner Bros. Pictures;Estados Unidos;Inglés
Lee Remick;Femenino;Quincy, Estados Unidos;Estadounidense;No aplica;Blanca;Sí; A Face in the Crowd;Mejor actriz;No;1963;Days of Wine and Roses;1962;Inglés;Drama;Jalem Productions, Warner Bros. Pictures;Estados Unidos;Inglés
Marcello Mastroianni;Masculino;Frosinone, Italia;Italiana;No aplica;Blanca;No; Tempesta su Parigi;Mejor actor;No;1963;Divorce--Italian Style;1962;Italiano;Comedia, Crimen, Drama;Lux Film, Vides Cinematografica, Galatea Film;Italia;Italiano
Katharine Hepburn;Femenino;Hartford, Estados Unidos;Estadounidense;No aplica;Blanca;Sí; A Bill of Divorcement;Mejor actriz;No;1963;Long Day's Journey into Night;1962;Inglés;Drama;Ely Landau Organization;Estados Unidos;Inglés
Rex Harrison;Masculino;Huyton, Inglaterra;Británica;No aplica;Blanca;No; The Great Game;Mejor actor;No;1964;Cleopatra;1963;ingles;Drama, History, Romance;MCL Films S.A., Walwa Films S.A., 20th Century Fox;Estados Unidos, Reino Unido, Suiza;Ingles
Paul Newman;Masculino;Shaker Heights, Estados Unidos;Estadounidense;No aplica;Blanca;Sí; The Silver Chalice;Mejor actor;No;1964;Hud;1963;ingles;Western, Drama;Paramount;Estados Unidos;Ingles
Patricia Neal;Femenino;Packard, Estados Unidos;Estadounidense;No aplica;Blanca;Sí; John Loves Mary;Mejor actriz;Sí;1964;Hud;1963;ingles;Western, Drama;Paramount;Estados Unidos;Ingles
Albert Finney;Masculino;Salford, Inglaterra;Británica;No aplica;Blanca;No; The Entertainer;Mejor actor;No;1964;Tom Jones;1963;ingles;Adventure, Comedy, Romance;Woodfall Film Productions;Reino Unido;Ingles
Sidney Poitier;Masculino;Miami, Estados Unidos;Bahameña;Estadounidense;Negra;Sí; No Way Out;Mejor actor;Sí;1964;Lilies of the Field;1963;ingles;Comedy, Drama;Rainbow Productions, United Artists;Estados Unidos;Ingles, Aleman, Español
Richard Harris;Masculino;Limerick, Irlanda;Irlandesa;No aplica;Blanca;No; Alive and Kicking;Mejor actor;No;1964;This Sporting Life;1963;ingles;Drama;Julian Wintle/Leslie Parkyn Productions;Reino Unido;Ingles
Rachel Roberts;Femenino;Llanelli, Gales;Británica;No aplica;Blanca;No; Valley of Song;Mejor actriz;No;1964;This Sporting Life;1963;ingles;Drama;Julian Wintle/Leslie Parkyn Productions;Reino Unido;Ingles
Natalie Wood;Femenino;San Francisco, Estados Unidos;Estadounidense;No aplica;Blanca;Sí; Tomorrow Is Forever;Mejor actriz;No;1964;Love with the Proper Stranger;1963;ingles;Comedy, Drama, Romance;Paramount, Boardwalk Productions;Estados Unidos;Ingles, Italiano
Leslie Caron;Femenino;Boulogne-Billancourt, Francia;Francesa;Estadounidense ;Blanca;Sí; An American in Paris;Mejor actriz;No;1964;The L-Shaped Room;1963;Inglés;Drama, Romance;Romulus Films, Columbia Pictures;Reino Unido;Inglés
Shirley MacLaine;Femenino;Richmond, Estados Unidos;Estadounidense;No aplica;Blanca;Sí; The Trouble with Harry;Mejor actriz;No;1964;Irma La Douce;1963;Inglés;Comedia, Romance;The Mirisch Company, Phalanx Productions, Jalem Productions;Estados Unidos;Inglés
Peter Sellers;Masculino;Southsea, Inglaterra;Británica;No aplica;Blanca;No; Penny Points to Paradise;Mejor actor;No;1965;Dr. Strangelove or: How I Learned to Stop Worrying and Love the Bomb;1964;ingles;Drama, Comedy, War;Hawk Films, Columbia Pictures;Reino Unido, Estados Unidos;Ingles
Julie Andrews;Femenino;Walton-on-Thames, Inglaterra;Británica;No aplica;Blanca;Sí; Mary Poppins;Mejor actriz;Sí;1965;Mary Poppins;1964;ingles;Comedy, Family, Fantasy;Walt Disney Productions;Estados Unidos;Ingles
Rex Harrison;Masculino;Huyton, Inglaterra;Británica;No aplica;Blanca;No; The Great Game;Mejor actor;Sí;1965;My Fair Lady;1964;ingles;Romance, Drama, Comedy;Warner Bros. Pictures;Estados Unidos;Ingles
Sophia Loren;Femenino;Roma, Italia;Italiana;Francesa;Blanca;No; Lebbra bianca;Mejor actriz;No;1965;Marriage Italian Style;1964;italiano;Drama, Comedy, Romance;Compagnia Cinematografica Champion, Les Films Concordia;Italia, Francia;Italiano
Anthony Quinn;Masculino;Chihuahua, México;Mexicana;Estadounidense ;Hispana;Sí; Parole!;Mejor actor;No;1965;Zorba the Greek;1964;ingles;Drama;20th Century Fox;Estados Unidos, Greece;Griego, Ingles
Richard Burton;Masculino;Pontrhydyfen, Reino Unido;Británica ;No aplica;Blanca;No; The Last Days of Dolwyn;Mejor actor;No;1965;Becket;1964;ingles;Drama, History;Paramount, Keep Films;Reino Unido, Estados Unidos;Welsh, Ingles, Latin
Peter O'Toole;Masculino;Leeds, Inglaterra;Británica;Irlandesa;Blanca;Sí; Kidnapped;Mejor actor;No;1965;Becket;1964;ingles;Drama, History;Paramount, Keep Films;Reino Unido, Estados Unidos;Welsh, Ingles, Latin
Kim Stanley;Femenino;Tularosa, Estados Unidos;Estadounidense;No aplica;Blanca;Sí; he Goddess;Mejor actriz;No;1965;Seance on a Wet Afternoon;1964;ingles;Crime, Drama, Thriller;Allied Film Makers, Beaver Films;Reino Unido;Ingles
Debbie Reynolds;Femenino;El Paso, Estados Unidos;Estadounidense;No aplica;Blanca;Sí; The Daughter of Rosie O'Grady;Mejor actriz;No;1965;The Unsinkable Molly Brown;1964;ingles;Comedy;Metro-Goldwyn-Mayer;Estados Unidos;Ingles
Anne Bancroft;Femenino;Bronx, Estados Unidos;Estadounidense;No aplica;Blanca;Sí; Don't Bother to Knock;Mejor actriz;No;1965;The Pumpkin Eater;1964;ingles;Drama;Romulus Films;Reino Unido;Ingles
Julie Andrews;Femenino;Walton-on-Thames, Inglaterra;Británica;No aplica;Blanca;Sí; Mary Poppins;Mejor actriz;No;1966;The Sound of Music;1965;ingles;Drama, Family, Music, Romance;Robert Wise Productions, Argyle Enterprises, 20th Century Fox;Estados Unidos;Ingles, Aleman
Lee Marvin;Masculino;Nueva York, Estados Unidos;Estadounidense;No aplica;Blanca;Sí; The Duel at Silver Creek;Mejor actor;Sí;1966;Cat Ballou;1965;ingles;Comedy, Romance, Western;Harold Hecht Productions, Columbia Pictures;Estados Unidos;Ingles
Samantha Eggar;Femenino;Hampstead, Inglaterra;Británica;Estadounidense;Blanca;No; The Wild and the Willing;Mejor actriz;No;1966;The Collector;1965;ingles;Drama, Thriller;Collector Company, Columbia Pictures;Reino Unido, Estados Unidos;Ingles
Julie Christie;Femenino;Chabua, India;Británica;No aplica;Blanca;No; Crooks Anonymous;Mejor actriz;Sí;1966;Darling;1965;ingles;Drama, Romance;Vic Films Productions, Joseph Janni Production;Reino Unido;Ingles, Frances, Italiano
Elizabeth Hartman;Femenino;Youngstown, Estados Unidos;Estadounidense;No aplica;Blanca;Sí; A Patch of Blue;Mejor actriz;No;1966;A Patch of Blue;1965;ingles;Drama, Romance;Metro-Goldwyn-Mayer;Estados Unidos;Ingles
Oskar Werner;Masculino;Viena, Austria;Austríaca;No aplica;Blanca;No; Geld fällt vom Himmel;Mejor actor;No;1966;Ship of Fools;1965;ingles;Drama, Romance;Stanley Kramer Productions, Columbia Pictures;Estados Unidos;Ingles, Español, Aleman
Simone Signoret;Femenino;Wiesbaden, Alemania;Francesa ;No aplica;Blanca;No; Béatrice devant le désir;Mejor actriz;No;1966;Ship of Fools;1965;ingles;Drama, Romance;Stanley Kramer Productions, Columbia Pictures;Estados Unidos;Ingles, Español, Aleman
Laurence Olivier;Masculino;Dorking, Inglaterra;Británica;No aplica;Blanca;No; The Temporary Widow;Mejor actor;No;1966;Othello;1965;ingles;Drama;BHE Films, National Theatre, Warner Bros. Pictures;Reino Unido;Ingles
Richard Burton;Masculino;Pontrhydyfen, Reino Unido;Británica ;No aplica;Blanca;No; The Last Days of Dolwyn;Mejor actor;No;1966;The Spy Who Came In from the Cold;1965;Inglés;Drama, Suspense;Salem Films, Paramount Pictures;Reino Unido;Inglés
Rod Steiger;Masculino;Westhampton, Estados Unidos;Estadounidense;No aplica;Blanca;Sí; Teresa;Mejor actor;No;1966;The Pawnbroker;1965;Inglés;Drama;Landau-Unger Company, Ely Landau Organization;Estados Unidos;Inglés
Richard Burton;Masculino;Pontrhydyfen, Reino Unido;Británica ;No aplica;Blanca;No; The Last Days of Dolwyn;Mejor actor;No;1967;Who's Afraid of Virginia Woolf?;1966;ingles;Drama;Chenault Productions, Warner Bros. Pictures;Estados Unidos;Ingles, Latin
Elizabeth Taylor;Femenino;Londres, Inglaterra;Británica;Estadounidense;Blanca;Sí; There's One Born Every Minute;Mejor actriz;Sí;1967;Who's Afraid of Virginia Woolf?;1966;ingles;Drama;Chenault Productions, Warner Bros. Pictures;Estados Unidos;Ingles, Latin
Paul Scofield;Masculino;Hurstpierpoint, Inglaterra;Británica;No aplica;Blanca;Sí; That Lady;Mejor actor;Sí;1967;A Man for All Seasons;1966;ingles;Drama, History;Highland Films, Columbia Pictures;Reino Unido;Ingles, Latin
Anouk Aimée;Femenino;París, Francia;Francesa;No aplica;Blanca;No; La maison sous la mer;Mejor actriz;No;1967;A Man and a Woman;1966;frances;Drama, Romance;Les Films 13;Francia;Frances
Steve McQueen;Masculino;Beech Grove, Estados Unidos;Estadounidense;No aplica;Blanca;Sí; Family Affair;Mejor actor;No;1967;The Sand Pebbles;1966;ingles;Adventure, War, Drama;Robert Wise Productions, Solar Productions, 20th Century Fox;Estados Unidos;Mandarin, Ingles
Michael Caine;Masculino;Rotherhithe, Inglaterra;Británica;No aplica;Blanca;No; A Hill in Korea;Mejor actor;No;1967;Alfie;1966;ingles;Comedy, Drama, Romance;Paramount, Lewis Gilbert Productions;Reino Unido;Ingles
Lynn Redgrave;Femenino;Londres, Inglaterra;Británica;No aplica;Blanca;No; Tom Jones;Mejor actriz;No;1967;Georgy Girl;1966;ingles;Comedy, Drama, Romance;Everglades Productions, Columbia Pictures;Reino Unido;Ingles, Italiano
Alan Arkin;Masculino;Brooklyn, Estados Unidos;Estadounidense;No aplica;Blanca;Sí; The Russians Are Coming the Russians Are Coming;Mejor actor;No;1967;The Russians Are Coming The Russians Are Coming;1966;Inglés;Comedia, Bélica;The Mirisch Company, Norman Jewison Productions;Estados Unidos;Inglés, Ruso
Ida Kaminska;Femenino;Odesa, Ucrania;Polaca;No aplica;Blanca;No; Tkies khaf;Mejor actriz;No;1967;The Shop on Main Street;1966;Eslovaco;Drama, Bélica;Barrandov Film Studio, Slovak Film Studio Koliba;Checoslovaquia;Eslovaco, Checo, Yidish, Aleman, Latin
Vanessa Redgrave;Femenino;Blackheath, Inglaterra;Británica;No aplica;Blanca;No; Behind the Mask;Mejor actriz;No;1967;Morgan!;1966;Inglés;Comedia, Drama, Romance;Quintra Films;Reino Unido;Inglés
Dustin Hoffman;Masculino;Los Ángeles, Estados Unidos;Estadounidense;No aplica;Blanca;Sí; The Tiger Makes Out;Mejor actor;No;1968;The Graduate;1967;ingles;Comedy, Drama, Romance;Lawrence Turman Films, Inc., AVCO Embassy Pictures;Estados Unidos;Ingles
Anne Bancroft;Femenino;Bronx, Estados Unidos;Estadounidense;No aplica;Blanca;Sí; Don't Bother to Knock;Mejor actriz;No;1968;The Graduate;1967;ingles;Comedy, Drama, Romance;Lawrence Turman Films, Inc., AVCO Embassy Pictures;Estados Unidos;Ingles
Warren Beatty;Masculino;Richmond, Estados Unidos;Estadounidense;No aplica;Blanca;Sí; Splendor in the Grass;Mejor actor;No;1968;Bonnie and Clyde;1967;ingles;Crime, Drama;Tatira-Hiller Productions, Warner Bros-Seven Arts;Estados Unidos;Ingles
Faye Dunaway;Femenino;Bascom, Estados Unidos;Estadounidense;No aplica;Blanca;Sí; Hurry Sundown;Mejor actriz;No;1968;Bonnie and Clyde;1967;ingles;Crime, Drama;Tatira-Hiller Productions, Warner Bros-Seven Arts;Estados Unidos;Ingles
Paul Newman;Masculino;Shaker Heights, Estados Unidos;Estadounidense;No aplica;Blanca;Sí; The Silver Chalice;Mejor actor;No;1968;Cool Hand Luke;1967;ingles;Crime, Drama;Jalem Productions, Warner Bros. Pictures;Estados Unidos;Ingles
Rod Steiger;Masculino;Westhampton, Estados Unidos;Estadounidense;No aplica;Blanca;Sí; Teresa;Mejor actor;Sí;1968;In the Heat of the Night;1967;ingles;Crime, Drama, Mystery, Thriller;United Artists, The Mirisch Company;Estados Unidos;Ingles
Spencer Tracy;Masculino;Milwaukee, Estados Unidos;Estadounidense;No aplica;Blanca;Sí; Up the River;Mejor actor;No;1968;Guess Who's Coming to Dinner;1967;ingles;Drama, Comedy, Romance;Stanley Kramer Productions, Columbia Pictures;Estados Unidos;Ingles
Katharine Hepburn;Femenino;Hartford, Estados Unidos;Estadounidense;No aplica;Blanca;Sí; A Bill of Divorcement;Mejor actriz;Sí;1968;Guess Who's Coming to Dinner;1967;ingles;Drama, Comedy, Romance;Stanley Kramer Productions, Columbia Pictures;Estados Unidos;Ingles
Dame Edith Evans;Femenino;Pimlico, Inglaterra;Británica;No aplica;Blanca;No; Honeymoon for Three;Mejor actriz;No;1968;The Whisperers;1967;ingles;Drama, Thriller;United Artists, Pinewood Films, Pinewood Studios (LK), C.T.S. Studios;Reino Unido;Ingles
Audrey Hepburn;Femenino;Ixelles, Bélgica;Británica;No aplica;Blanca;No; One Wild Oat;Mejor actriz;No;1968;Wait until Dark;1967;Inglés;Suspense, Crimen;Warner Bros.-Seven Arts, Seven Arts Productions;Estados Unidos;Inglés
Ron Moody;Masculino;Tottenham, Inglaterra;Británica;No aplica;Blanca;No; Follow a Star;Mejor actor;No;1969;Oliver!;1968;ingles;Drama, Family, Music;Warwick Film Productions, Romulus Films, Columbia Pictures;Reino Unido;Ingles
Barbra Streisand;Femenino;Brooklyn, Estados Unidos;Estadounidense;No aplica;Blanca;Sí; Funny Girl;Mejor actriz;Sí;1969;Funny Girl;1968;ingles;Comedy, Drama, Romance;Columbia Pictures, Rastar Productions;Estados Unidos;Ingles
Peter O'Toole;Masculino;Leeds, Inglaterra;Británica;Irlandesa;Blanca;Sí; Kidnapped;Mejor actor;No;1969;The Lion in Winter;1968;ingles;Drama, History;AVCO Embassy Pictures, Haworth Productions;Reino Unido;Ingles
Katharine Hepburn;Femenino;Hartford, Estados Unidos;Estadounidense;No aplica;Blanca;Sí; A Bill of Divorcement;Mejor actriz;Sí;1969;The Lion in Winter;1968;ingles;Drama, History;AVCO Embassy Pictures, Haworth Productions;Reino Unido;Ingles
Cliff Robertson;Masculino;La Jolla, Estados Unidos;Estadounidense;No aplica;Blanca;Sí; Picnic;Mejor actor;Sí;1969;Charly;1968;ingles;Drama, Romance, Science Fiction;ABC Pictures, Cinerama Releasing Corporation;Estados Unidos;Ingles
Joanne Woodward;Femenino;Thomasville, Estados Unidos;Estadounidense;No aplica;Blanca;Sí; Count Three and Pray;Mejor actriz;No;1969;Rachel, Rachel;1968;ingles;Drama, Romance;Kayos Productions;Estados Unidos;Ingles
Alan Arkin;Masculino;Brooklyn, Estados Unidos;Estadounidense;No aplica;Blanca;Sí; The Russians Are Coming the Russians Are Coming;Mejor actor;No;1969;The Heart Is a Lonely Hunter;1968;ingles;Drama;Warner Bros-Seven Arts;Estados Unidos;Ingles
Vanessa Redgrave;Femenino;Blackheath, Inglaterra;Británica;No aplica;Blanca;No; Behind the Mask;Mejor actriz;No;1969;Isadora;1968;ingles;Drama, History, Music, Romance;Universal Pictures, Hakim, Paris Film;Francia, Reino Unido;Ingles
Alan Bates;Masculino;Allestree, Inglaterra;Británica;No aplica;Blanca;No; The Entertainer;Mejor actor;No;1969;The Fixer;1968;ingles;Drama;John Frankenheimer Productions Inc., Edward Lewis Productions, Metro-Goldwyn-Mayer British Studios;Reino Unido;Ingles
Patricia Neal;Femenino;Packard, Estados Unidos;Estadounidense;No aplica;Blanca;Sí; John Loves Mary;Mejor actriz;No;1969;The Subject Was Roses;1968;ingles;Drama;Metro-Goldwyn-Mayer;Estados Unidos;Ingles
Dustin Hoffman;Masculino;Los Ángeles, Estados Unidos;Estadounidense;No aplica;Blanca;Sí; The Tiger Makes Out;Mejor actor;No;1970;Midnight Cowboy;1969;ingles;Drama;Florin Productions, Jerome Hellman Productions, United Artists;Estados Unidos;Ingles, Italiano
Jon Voight;Masculino;Yonkers, Estados Unidos;Estadounidense;No aplica;Blanca;Sí; Fearless Frank;Mejor actor;No;1970;Midnight Cowboy;1969;ingles;Drama;Florin Productions, Jerome Hellman Productions, United Artists;Estados Unidos;Ingles, Italiano
John Wayne;Masculino;Winterset, Estados Unidos;Estadounidense;No aplica;Blanca;Sí; Words and Music;Mejor actor;Sí;1970;True Grit;1969;ingles;Western;Wallis-Hazen Inc.;Estados Unidos;Ingles
Jane Fonda;Femenino;Manhattan, Estados Unidos;Estadounidense;No aplica;Blanca;Sí; Tall Story;Mejor actriz;No;1970;They Shoot Horses, Don't They?;1969;ingles;Drama;Palomar Pictures International;Estados Unidos;Ingles
Richard Burton;Masculino;Pontrhydyfen, Reino Unido;Británica ;No aplica;Blanca;No; The Last Days of Dolwyn;Mejor actor;No;1970;Anne of the Thousand Days;1969;ingles;Drama, History, Romance;Hal Wallis Productions, Universal Pictures;Reino Unido;Español, Ingles
Genevieve Bujold;Femenino;Montreal, Canadá;Canadiense;No aplica;Blanca;No; Amanita Pestilens;Mejor actriz;No;1970;Anne of the Thousand Days;1969;ingles;Drama, History, Romance;Hal Wallis Productions, Universal Pictures;Reino Unido;Español, Ingles
Maggie Smith;Femenino;Ilford, Inglaterra;Británica;No aplica;Blanca;Sí; Nowhere to Go;Mejor actriz;Sí;1970;The Prime of Miss Jean Brodie;1969;ingles;Drama;20th Century Fox;Reino Unido;Ingles, Frances, Italiano, Latin
Peter O'Toole;Masculino;Leeds, Inglaterra;Británica;Irlandesa;Blanca;Sí; Kidnapped;Mejor actor;No;1970;Goodbye, Mr. Chips;1969;ingles;Drama, Music, Romance;APJAC Productions, Metro-Goldwyn-Mayer British Studios;Reino Unido;Ingles
Jean Simmons;Femenino;Crouch Hill, Inglaterra;Británica;Estadounidense;Blanca;No; Give Us the Moon;Mejor actriz;No;1970;The Happy Ending;1969;ingles;Drama;Pax Enterprises;Estados Unidos;Ingles
Liza Minnelli;Femenino;Los Ángeles, Estados Unidos;Estadounidense;No aplica;Blanca;No; Charlie Bubbles;Mejor actriz;No;1970;The Sterile Cuckoo;1969;ingles;Romance;Paramount, Boardwalk Productions;Estados Unidos;Ingles
George C. Scott;Masculino;Wise, Estados Unidos;Estadounidense;No aplica;Blanca;Sí; The Hanging Tree;Mejor actor;Sí;1971;Patton;1970;ingles;War, Drama, History;20th Century Fox;Estados Unidos;Arabe, Ingles, Frances, Aleman, Italiano, Ruso
Ryan O'Neal;Masculino;Los Ángeles, Estados Unidos;Estadounidense;No aplica;Blanca;Sí; The Big Bounce;Mejor actor;No;1971;Love Story;1970;ingles;Romance, Drama;Paramount, Love Story Company;Estados Unidos;Ingles
Ali MacGraw;Femenino;Pound Ridge, Estados Unidos;Estadounidense;No aplica;Blanca;Sí; Goodbye,  Columbus;Mejor actriz;No;1971;Love Story;1970;ingles;Romance, Drama;Paramount, Love Story Company;Estados Unidos;Ingles
Jack Nicholson;Masculino;Neptune City, Estados Unidos;Estadounidense;No aplica;Blanca;Sí; The Cry Baby Killer;Mejor actor;No;1971;Five Easy Pieces;1970;ingles;Drama;BBS Productions, Columbia Pictures;Estados Unidos;Ingles
Sarah Miles;Femenino;Ingatestone, Inglaterra;Británica;No aplica;Blanca;No; Term of Trial;Mejor actriz;No;1971;Ryan's Daughter;1970;ingles;Drama, Romance, History;Metro-Goldwyn-Mayer;Irlanda, Reino Unido;Ingles
Melvyn Douglas;Masculino;Macon, Estados Unidos;Estadounidense;No aplica;Blanca;Sí; Tonight or Never;Mejor actor;No;1971;I Never Sang for My Father;1970;ingles;Drama;Janel Productions, Columbia Pictures;Estados Unidos;Ingles
Carrie Snodgress;Femenino;Park Ridge, Estados Unidos;Estadounidense;No aplica;Blanca;Sí;  Diary of a Mad Housewife;Mejor actriz;No;1971;Diary of a Mad Housewife;1970;ingles;Comedy, Drama;Frank Perry Films Inc., Universal Pictures;Estados Unidos;Ingles
James Earl Jones;Masculino;Arkabutla, Estados Unidos;Estadounidense;No aplica;Negra;No; Dr. Strangelove or: How I Learned to Stop Worrying and Love the Bomb;Mejor actor;No;1971;The Great White Hope;1970;ingles;Drama;Lawrence Turman Films, Inc., 20th Century Fox;Estados Unidos;Ingles
Jane Alexander;Femenino;Boston, Estados Unidos;Estadounidense;No aplica;Blanca;Sí; The Great White Hope;Mejor actriz;No;1971;The Great White Hope;1970;ingles;Drama;Lawrence Turman Films, Inc., 20th Century Fox;Estados Unidos;Ingles
Glenda Jackson;Femenino;Birkenhead, Inglaterra;Británica;No aplica;Blanca;No; Marat/Sade;Mejor actriz;Sí;1971;Women in Love;1970;Inglés;Drama, Romance;Brandywine Productions, United Artists;Reino Unido;Inglés
Gene Hackman;Masculino;San Bernardino, Estados Unidos;Estadounidense;No aplica;Blanca;Sí; Lilith;Mejor actor;Sí;1972;The French Connection;1971;ingles;Action, Crime, Thriller;D'Antoni Productions, Schine-Moore Productions, 20th Century Fox;Estados Unidos;Ingles, Frances
Topol;Masculino;Tel Aviv, Israel;Israelí;No aplica;Blanca;No; I Like Mike;Mejor actor;No;1972;Fiddler on the Roof;1971;ingles;Drama, Romance;United Artists, Cartier Productions, The Mirisch Company;Estados Unidos;Hebreo, Ruso, Ingles
Jane Fonda;Femenino;Manhattan, Estados Unidos;Estadounidense;No aplica;Blanca;Sí; Tall Story;Mejor actriz;Sí;1972;Klute;1971;ingles;Thriller, Mystery, Crime;Gus Productions, Warner Bros. Pictures;Estados Unidos;Ingles
Julie Christie;Femenino;Chabua, India;Británica;No aplica;Blanca;No; Crooks Anonymous;Mejor actriz;No;1972;McCabe & Mrs. Miller;1971;ingles;Western, Drama;Warner Bros. Pictures;Estados Unidos;Ingles
Peter Finch;Masculino;South Kensington, Inglaterra;Británica;Australiana;Blanca;No; Dad and Dave Come to Town;Mejor actor;No;1972;Sunday Bloody Sunday;1971;ingles;Drama;Vic Films Productions, Vectia;Reino Unido;Ingles, Hebreo, Italiano
Glenda Jackson;Femenino;Birkenhead, Inglaterra;Británica;No aplica;Blanca;No; Marat/Sade;Mejor actriz;No;1972;Sunday Bloody Sunday;1971;ingles;Drama;Vic Films Productions, Vectia;Reino Unido;Ingles, Hebreo, Italiano
George C. Scott;Masculino;Wise, Estados Unidos;Estadounidense;No aplica;Blanca;Sí; The Hanging Tree;Mejor actor;No;1972;The Hospital;1971;ingles;Comedy, Drama, Mystery;Simcha Productions;Estados Unidos;Ingles
Janet Suzman;Femenino;Johannesburgo, Sudáfrica;Británica;Sudafricana;Blanca;No; Nicholas and Alexandra;Mejor actriz;No;1972;Nicholas and Alexandra;1971;ingles;Drama, War, History;Columbia Pictures, Horizon Pictures;Reino Unido;Español, Frances, Ingles, Ruso
Vanessa Redgrave;Femenino;Blackheath, Inglaterra;Británica;No aplica;Blanca;No; Behind the Mask;Mejor actriz;No;1972;Mary, Queen of Scots;1971;ingles;Drama, History;Universal Pictures, Hal Wallis Productions;Reino Unido;Ingles
Walter Matthau;Masculino;Manhattan, Estados Unidos;Estadounidense;No aplica;Blanca;Sí; The Kentuckian;Mejor actor;No;1972;Kotch;1971;ingles;Comedy, Drama;ABC Pictures, Kotch Company Productions, ABC Studios;Estados Unidos;Ingles
Marlon Brando;Masculino;Omaha, Estados Unidos;Estadounidense;No aplica;Blanca;Sí; The Men;Mejor actor;Sí;1973;The Godfather;1972;ingles;Drama, Crime;Paramount, Alfran Productions;Estados Unidos;Ingles, Italiano, Latin
Liza Minnelli;Femenino;Los Ángeles, Estados Unidos;Estadounidense;No aplica;Blanca;No; Charlie Bubbles;Mejor actriz;Sí;1973;Cabaret;1972;ingles;Music, Drama, Romance;Allied Artists Pictures, ABC Pictures;Estados Unidos;Ingles, Hebreo, Aleman, Frances
Michael Caine;Masculino;Rotherhithe, Inglaterra;Británica;No aplica;Blanca;No; A Hill in Korea;Mejor actor;No;1973;Sleuth;1972;ingles;Mystery, Thriller, Crime, Comedy;Palomar Pictures International;Reino Unido;Italiano, Ingles
Laurence Olivier;Masculino;Dorking, Inglaterra;Británica;No aplica;Blanca;No; The Temporary Widow;Mejor actor;No;1973;Sleuth;1972;ingles;Mystery, Thriller, Crime, Comedy;Palomar Pictures International;Reino Unido;Italiano, Ingles
Peter O'Toole;Masculino;Leeds, Inglaterra;Británica;Irlandesa;Blanca;Sí; Kidnapped;Mejor actor;No;1973;The Ruling Class;1972;ingles;Comedy, Drama;Keep Films;Reino Unido;Aleman, Ingles, Frances, Italiano, Latin
Diana Ross;Femenino;Detroit, Estados Unidos;Estadounidense;No aplica;Negra;Sí; Lady Sings the Blues;Mejor actriz;No;1973;Lady Sings the Blues;1972;ingles;Drama, Music, Romance;Weston Productions, Jobete Productions, Motown Productions, Paramount, Sidney J. Furie Productions;Estados Unidos;Ingles
Paul Winfield;Masculino;Los Ángeles, Estados Unidos;Estadounidense;No aplica;Negra;Sí; The Lost Man;Mejor actor;No;1973;Sounder;1972;ingles;Drama;Radnitz/Mattel Productions;Estados Unidos;Ingles
Cicely Tyson;Femenino;Harlem, Estados Unidos;Estadounidense;No aplica;Negra;Sí; Carib Gold;Mejor actriz;No;1973;Sounder;1972;ingles;Drama;Radnitz/Mattel Productions;Estados Unidos;Ingles
Maggie Smith;Femenino;Ilford, Inglaterra;Británica;No aplica;Blanca;Sí; Nowhere to Go;Mejor actriz;No;1973;Travels with My Aunt;1972;ingles;Adventure, Comedy;Metro-Goldwyn-Mayer;Estados Unidos;Ingles, Frances, Italiano, Turco
Liv Ullmann;Femenino;Tokio, Japón;Noruega;No aplica;Blanca;No; Ung flukt;Mejor actriz;No;1973;The Emigrants;1972;Sueco;Drama, Historia;Svensk Filmindustri;Suecia;Sueco
Ellen Burstyn;Femenino;Detroit, Estados Unidos;Estadounidense;No aplica;Blanca;Sí; For Those Who Think Young;Mejor actriz;No;1974;The Exorcist;1973;ingles;Horror;Hoya Productions, Warner Bros. Pictures;Estados Unidos;Aleman, Frances, Latin, Arabe, Griego, Ingles
Robert Redford;Masculino;Santa Mónica, Estados Unidos;Estadounidense;No aplica;Blanca;Sí; War Hunt;Mejor actor;No;1974;The Sting;1973;ingles;Comedy, Crime, Drama;Universal Pictures, Zanuck/Brown Productions;Estados Unidos;Ingles
Al Pacino;Masculino;East Harlem, Estados Unidos;Estadounidense;No aplica;Blanca;Sí; Me, Natalie;Mejor actor;No;1974;Serpico;1973;ingles;Crime, Drama, History;De Laurentiis Entertainment Group, Artists Entertainment Complex, Produzioni De Laurentiis - International Manufacturing Company, Paramount;Italia, Estados Unidos;Ingles, Español, Italiano
Barbra Streisand;Femenino;Brooklyn, Estados Unidos;Estadounidense;No aplica;Blanca;Sí; Funny Girl;Mejor actriz;No;1974;The Way We Were;1973;ingles;Drama, Romance;Tom Ward Enterprises, Columbia Pictures, Rastar Productions;Estados Unidos;Ingles, Frances
Jack Nicholson;Masculino;Neptune City, Estados Unidos;Estadounidense;No aplica;Blanca;Sí; The Cry Baby Killer;Mejor actor;No;1974;The Last Detail;1973;ingles;Drama, Comedy;Columbia Pictures, Acrobat Productions, Bright-Persky Associates;Estados Unidos;Ingles
Jack Lemmon;Masculino;Newton, Estados Unidos;Estadounidense;No aplica;Blanca;Sí; It Should Happen to You;Mejor actor;Sí;1974;Save the Tiger;1973;ingles;Drama;Paramount, Filmways Pictures, Jalem Productions, Cirandinha Productions;Estados Unidos;Ingles
Glenda Jackson;Femenino;Birkenhead, Inglaterra;Británica;No aplica;Blanca;No; Marat/Sade;Mejor actriz;Sí;1974;A Touch of Class;1973;ingles;Comedy, Romance;Brut Productions, Joseph E. Levine Productions;Reino Unido;Ingles, Español
Marsha Mason;Femenino;San Luis, Estados Unidos;Estadounidense;No aplica;Blanca;Sí; Hot Rod Hullabaloo;Mejor actriz;No;1974;Cinderella Liberty;1973;ingles;Drama, Romance;Sanford, 20th Century Fox;Estados Unidos;Ingles
Joanne Woodward;Femenino;Thomasville, Estados Unidos;Estadounidense;No aplica;Blanca;Sí; Count Three and Pray;Mejor actriz;No;1974;Summer Wishes, Winter Dreams;1973;ingles;Drama;Columbia Pictures, Rastar Productions;Estados Unidos;Frances, Ingles
Marlon Brando;Masculino;Omaha, Estados Unidos;Estadounidense;No aplica;Blanca;Sí; The Men;Mejor actor;No;1974;Last Tango in Paris;1973;Inglés;Drama, Romance;Produzioni Europee Associate, Les Productions Artistes Associés;Italia, Francia;Inglés, Francés
Al Pacino;Masculino;East Harlem, Estados Unidos;Estadounidense;No aplica;Blanca;Sí; Me, Natalie;Mejor actor;No;1975;The Godfather Part II;1974;ingles;Drama, Crime;Paramount, The Coppola Company;Estados Unidos;Ingles, Italiano, Latin, Español
Jack Nicholson;Masculino;Neptune City, Estados Unidos;Estadounidense;No aplica;Blanca;Sí; The Cry Baby Killer;Mejor actor;No;1975;Chinatown;1974;ingles;Crime, Drama, Mystery, Thriller;Paramount, Long Road Productions, Penthouse, Robert Evans Company;Estados Unidos;Español, Cantones, Ingles
Faye Dunaway;Femenino;Bascom, Estados Unidos;Estadounidense;No aplica;Blanca;Sí; Hurry Sundown;Mejor actriz;No;1975;Chinatown;1974;ingles;Crime, Drama, Mystery, Thriller;Paramount, Long Road Productions, Penthouse, Robert Evans Company;Estados Unidos;Español, Cantones, Ingles
Albert Finney;Masculino;Salford, Inglaterra;Británica;No aplica;Blanca;No; The Entertainer;Mejor actor;No;1975;Murder on the Orient Express;1974;ingles;Drama, Thriller, Mystery;EMI Films, G.W. Films, Paramount, Agatha Christie Limited;Reino Unido, Estados Unidos;Sueco, Ingles, Frances, Aleman, Turco, Italiano
Ellen Burstyn;Femenino;Detroit, Estados Unidos;Estadounidense;No aplica;Blanca;Sí; For Those Who Think Young;Mejor actriz;Sí;1975;Alice Doesn't Live Here Anymore;1974;ingles;Drama, Romance;Warner Bros. Pictures;Estados Unidos;Ingles
Dustin Hoffman;Masculino;Los Ángeles, Estados Unidos;Estadounidense;No aplica;Blanca;Sí; The Tiger Makes Out;Mejor actor;No;1975;Lenny;1974;ingles;Drama;Marvin Worth Productions;Estados Unidos;Ingles
Valerie Perrine;Femenino;Galveston, Estados Unidos;Estadounidense;No aplica;Blanca;Sí; Slaughterhouse-Five;Mejor actriz;No;1975;Lenny;1974;ingles;Drama;Marvin Worth Productions;Estados Unidos;Ingles
Art Carney;Masculino;Mount Vernon, Estados Unidos;Estadounidense;No aplica;Blanca;No; The Yellow Rolls-Royce;Mejor actor;Sí;1975;Harry and Tonto;1974;ingles;Comedy, Drama, Adventure;20th Century Fox;Estados Unidos;Ingles
Diahann Carroll;Femenino;Bronx, Estados Unidos;Estadounidense;No aplica;Negra;Sí; Carmen Jones;Mejor actriz;No;1975;Claudine;1974;ingles;Drama, Romance, Comedy;20th Century Fox;Estados Unidos;Ingles
Gena Rowlands;Femenino;Cambria, Estados Unidos;Estadounidense;No aplica;Blanca;Sí; The High Cost of Loving;Mejor actriz;No;1975;A Woman under the Influence;1974;Inglés;Drama;Faces International Films;Estados Unidos;Inglés
Al Pacino;Masculino;East Harlem, Estados Unidos;Estadounidense;No aplica;Blanca;Sí; Me, Natalie;Mejor actor;No;1976;Dog Day Afternoon;1975;ingles;Crime, Drama, Thriller;Artists Entertainment Complex, Warner Bros. Pictures;Estados Unidos;Ingles
Ann-Margret;Femenino;Valsjobyn, Suecia;Sueca;Estadounidense;Blanca;Sí; Pocketful of Miracles;Mejor actriz;No;1976;Tommy;1975;ingles;Music;Robert Stigwood Organization, Hemdale Film;Reino Unido;Ingles
Isabelle Adjani;Femenino;París, Francia;Francesa;No aplica;Multirracial;No; Le petit bougnat;Mejor actriz;No;1976;The Story of Adele H.;1975;frances;Drama, History, Romance;Les Films du Carrosse, Les Productions Artistes Associés;Francia;Ingles, Frances
Walter Matthau;Masculino;Manhattan, Estados Unidos;Estadounidense;No aplica;Blanca;Sí; The Kentuckian;Mejor actor;No;1976;The Sunshine Boys;1975;ingles;Comedy;Metro-Goldwyn-Mayer;Estados Unidos;Ingles
Carol Kane;Femenino;Cleveland, Estados Unidos;Estadounidense;No aplica;Blanca;Sí; Desperate Characters;Mejor actriz;No;1976;Hester Street;1975;ingles;Drama, Romance;Midwest Films;Estados Unidos;Yiddish, Ingles
Maximilian Schell;Masculino;Viena, Austria;Austríaca;Suiza;Blanca;No; Kinder,  Mütter und ein General;Mejor actor;No;1976;The Man in the Glass Booth;1975;ingles;Action, Drama, Thriller;The Ely Landau Organization Inc., Cinévision Ltée, The American Film Theatre;Estados Unidos;Aleman, Ingles
Glenda Jackson;Femenino;Birkenhead, Inglaterra;Británica;No aplica;Blanca;No; Marat/Sade;Mejor actriz;No;1976;Hedda;1975;ingles;Drama;Bowden Productions Limited;Reino Unido;Ingles
James Whitmore;Masculino;White Plains, Estados Unidos;Estadounidense;No aplica;Blanca;Sí; The Undercover Man;Mejor actor;No;1976;Give 'em Hell, Harry!;1975;ingles;Drama;Permut Presentations, TheatroVision ;Estados Unidos;Ingles
Jack Nicholson;Masculino;Neptune City, Estados Unidos;Estadounidense;No aplica;Blanca;Sí; The Cry Baby Killer;Mejor actor;Sí;1976;One Flew over the Cuckoo's Nest;1975;Inglés;Drama;Fantasy Films, United Artists;Estados Unidos;Inglés
Louise Fletcher;Femenino;Birmingham, Estados Unidos;Estadounidense;No aplica;Blanca;Sí; A Gathering of Eagles;Mejor actriz;Sí;1976;One Flew over the Cuckoo's Nest;1975;Inglés;Drama;Fantasy Films, United Artists;Estados Unidos;Inglés
Robert De Niro;Masculino;Manhattan, Estados Unidos;Estadounidense;No aplica;Blanca;Sí; Greetings;Mejor actor;No;1977;Taxi Driver;1976;ingles;Crime, Drama;Italo/Judeo Productions, Bill/Phillips, Columbia Pictures;Estados Unidos;Ingles, Español
Sylvester Stallone;Masculino;Manhattan, Estados Unidos;Estadounidense ;No aplica;Blanca;Sí; The Square Root;Mejor actor;No;1977;Rocky;1976;ingles;Drama, Romance;Winkler Films;Estados Unidos;Ingles
Talia Shire;Femenino;Long Island, Estados Unidos;Estadounidense;No aplica;Blanca;Sí; The Wild Racers;Mejor actriz;No;1977;Rocky;1976;ingles;Drama, Romance;Winkler Films;Estados Unidos;Ingles
Sissy Spacek;Femenino;Quitman, Estados Unidos;Estadounidense;No aplica;Blanca;Sí; Prime Cut;Mejor actriz;No;1977;Carrie;1976;ingles;Horror, Thriller;United Artists;Estados Unidos;Ingles
Peter Finch;Masculino;South Kensington, Inglaterra;Británica;Australiana;Blanca;No; Dad and Dave Come to Town;Mejor actor;Sí;1977;Network;1976;ingles;Drama;United Artists, Metro-Goldwyn-Mayer;Estados Unidos;Ingles
William Holden;Masculino;O'Fallon, Estados Unidos;Estadounidense ;No aplica;Blanca;Sí; Golden Boy;Mejor actor;No;1977;Network;1976;ingles;Drama;United Artists, Metro-Goldwyn-Mayer;Estados Unidos;Ingles
Faye Dunaway;Femenino;Bascom, Estados Unidos;Estadounidense;No aplica;Blanca;Sí; Hurry Sundown;Mejor actriz;Sí;1977;Network;1976;ingles;Drama;United Artists, Metro-Goldwyn-Mayer;Estados Unidos;Ingles
Liv Ullmann;Femenino;Tokio, Japón;Noruega;No aplica;Blanca;No; Ung flukt;Mejor actriz;No;1977;Face to Face;1976;sueco;Drama, Fantasy;Dino de Laurentiis Cinematografica, Cinematograph AB;Suecia;Sueco
Giancarlo Giannini;Masculino;La Spezia, Italia;Italiana;No aplica;Blanca;No; Libìdo;Mejor actor;No;1977;Seven Beauties;1976;Italiano;Comedia, Drama, Bélica;Medusa Distribuzione, Liberty Film;Italia;Italiano, Alemán
Marie-Christine Barrault;Femenino;París, Francia;Francesa;No aplica;Blanca;No; Ma nuit chez Maud;Mejor actriz;No;1977;Cousin, Cousine;1976;Francés;Comedia, Romance;Pausa Film, Les Films Pomereu;Francia;Francés
Woody Allen;Masculino;Brooklyn, Estados Unidos;Estadounidense;No aplica;Blanca;Sí; What's New Pussycat;Mejor actor;No;1978;Annie Hall;1977;ingles;Comedy, Drama, Romance;United Artists, Rollins-Joffe Productions;Estados Unidos;Ingles, Aleman
Diane Keaton;Femenino;Los Ángeles, Estados Unidos;Estadounidense;No aplica;Blanca;Sí; Lovers and Other Strangers;Mejor actriz;Sí;1978;Annie Hall;1977;ingles;Comedy, Drama, Romance;United Artists, Rollins-Joffe Productions;Estados Unidos;Ingles, Aleman
John Travolta;Masculino;Englewood, Estados Unidos;Estadounidense;No aplica;Blanca;Sí; The Devil's Rain;Mejor actor;No;1978;Saturday Night Fever;1977;ingles;Music, Drama;Robert Stigwood Organization, Paramount;Estados Unidos;Ingles
Marcello Mastroianni;Masculino;Frosinone, Italia;Italiana;No aplica;Blanca;No; Tempesta su Parigi;Mejor actor;No;1978;A Special Day;1977;italiano;Drama;Compagnia Cinematografica Champion, Canafox Films;Italia, Canada;Italiano
Richard Dreyfuss;Masculino;Brooklyn, Estados Unidos;Estadounidense;No aplica;Blanca;Sí; The Young Runaways;Mejor actor;Sí;1978;The Goodbye Girl;1977;ingles;Comedy, Drama, Romance;Metro-Goldwyn-Mayer, Rastar Productions;Estados Unidos;Ingles
Marsha Mason;Femenino;San Luis, Estados Unidos;Estadounidense;No aplica;Blanca;Sí; Hot Rod Hullabaloo;Mejor actriz;No;1978;The Goodbye Girl;1977;ingles;Comedy, Drama, Romance;Metro-Goldwyn-Mayer, Rastar Productions;Estados Unidos;Ingles
Richard Burton;Masculino;Pontrhydyfen, Reino Unido;Británica ;No aplica;Blanca;No; The Last Days of Dolwyn;Mejor actor;No;1978;Equus;1977;ingles;Drama, Mystery;United Artists, Persky-Bright Productions, Winkast Film Productions;Reino Unido, Estados Unidos;Ingles
Jane Fonda;Femenino;Manhattan, Estados Unidos;Estadounidense;No aplica;Blanca;Sí; Tall Story;Mejor actriz;No;1978;Julia;1977;ingles;Drama;20th Century Fox;Estados Unidos;Frances, Ingles, Ruso, Aleman
Anne Bancroft;Femenino;Bronx, Estados Unidos;Estadounidense;No aplica;Blanca;Sí; Don't Bother to Knock;Mejor actriz;No;1978;The Turning Point;1977;ingles;Drama, Romance;Hera Productions;Estados Unidos;Ingles
Shirley MacLaine;Femenino;Richmond, Estados Unidos;Estadounidense;No aplica;Blanca;Sí; The Trouble with Harry;Mejor actriz;No;1978;The Turning Point;1977;ingles;Drama, Romance;Hera Productions;Estados Unidos;Ingles
Robert De Niro;Masculino;Manhattan, Estados Unidos;Estadounidense;No aplica;Blanca;Sí; Greetings;Mejor actor;No;1979;The Deer Hunter;1978;ingles;Drama, War;Universal Pictures, EMI Films;Reino Unido, Estados Unidos;Ingles, Frances, Ruso, Vietnamita
Ingrid Bergman;Femenino;Estocolmo, Suecia;Sueca ;No aplica;Blanca;No; Munkbrogreven;Mejor actriz;No;1979;Autumn Sonata;1978;sueco;Drama;Suede Film, Personafilm, Alliance, Incorporated Television Company (ITC);Alemania, Suecia;Ingles, Sueco
Warren Beatty;Masculino;Richmond, Estados Unidos;Estadounidense;No aplica;Blanca;Sí; Splendor in the Grass;Mejor actor;No;1979;Heaven Can Wait;1978;ingles;Fantasy, Comedy, Romance;Paramount;Estados Unidos;Ingles
Laurence Olivier;Masculino;Dorking, Inglaterra;Británica;No aplica;Blanca;No; The Temporary Widow;Mejor actor;No;1979;The Boys from Brazil;1978;ingles;Drama, Mystery, Science Fiction;Producers Circle, ITC Entertainment;Reino Unido, Estados Unidos;Ingles
Geraldine Page;Femenino;Kirksville, Estados Unidos;Estadounidense;No aplica;Blanca;Sí; Hondo;Mejor actriz;No;1979;Interiors;1978;ingles;Drama;United Artists;Estados Unidos;Ingles
Jon Voight;Masculino;Yonkers, Estados Unidos;Estadounidense;No aplica;Blanca;Sí; Fearless Frank;Mejor actor;Sí;1979;Coming Home;1978;ingles;Drama, Romance, War;United Artists, Jerome Hellman Productions, Jayne Productions Inc;Estados Unidos;Ingles
Jane Fonda;Femenino;Manhattan, Estados Unidos;Estadounidense;No aplica;Blanca;Sí; Tall Story;Mejor actriz;Sí;1979;Coming Home;1978;ingles;Drama, Romance, War;United Artists, Jerome Hellman Productions, Jayne Productions Inc;Estados Unidos;Ingles
Gary Busey;Masculino;Goose Creek, Estados Unidos;Estadounidense;No aplica;Blanca;Sí; Angels Hard as They Come;Mejor actor;No;1979;The Buddy Holly Story;1978;ingles;Drama, Music;Innovisions, Columbia Pictures;Estados Unidos;Ingles
Ellen Burstyn;Femenino;Detroit, Estados Unidos;Estadounidense;No aplica;Blanca;Sí; For Those Who Think Young;Mejor actriz;No;1979;Same Time, Next Year;1978;ingles;Comedy, Drama, Romance;Universal Pictures;Estados Unidos;Ingles
Jill Clayburgh;Femenino;Nueva York, Estados Unidos;Estadounidense;No aplica;Blanca;Sí; The Wedding Party;Mejor actriz;No;1979;An Unmarried Woman;1978;ingles;Drama, Romance, Comedy;20th Century Fox;Estados Unidos;Ingles
Dustin Hoffman;Masculino;Los Ángeles, Estados Unidos;Estadounidense;No aplica;Blanca;Sí; The Tiger Makes Out;Mejor actor;Sí;1980;Kramer vs. Kramer;1979;ingles;Drama;Columbia Pictures;Estados Unidos;Ingles
Peter Sellers;Masculino;Southsea, Inglaterra;Británica;No aplica;Blanca;No; Penny Points to Paradise;Mejor actor;No;1980;Being There;1979;ingles;Comedy, Drama;United Artists, Lorimar Film Entertainment, BSB, CIP, NatWest Ventures, New Gold Entertainment, Northstar Media;Alemania, Estados Unidos;Ingles
Al Pacino;Masculino;East Harlem, Estados Unidos;Estadounidense;No aplica;Blanca;Sí; Me, Natalie;Mejor actor;No;1980;...And Justice for All;1979;ingles;Drama;Columbia Pictures;Estados Unidos;Checo, Ingles
Roy Scheider;Masculino;Orange, Estados Unidos;Estadounidense;No aplica;Blanca;Sí; The Curse of the Living Corpse;Mejor actor;No;1980;All That Jazz;1979;ingles;Drama;Columbia Pictures, 20th Century Fox;Estados Unidos;Ingles
Jack Lemmon;Masculino;Newton, Estados Unidos;Estadounidense;No aplica;Blanca;Sí; It Should Happen to You;Mejor actor;No;1980;The China Syndrome;1979;ingles;Drama, Thriller;Columbia Pictures, IPC Films;Estados Unidos;Ingles
Jane Fonda;Femenino;Manhattan, Estados Unidos;Estadounidense;No aplica;Blanca;Sí; Tall Story;Mejor actriz;No;1980;The China Syndrome;1979;ingles;Drama, Thriller;Columbia Pictures, IPC Films;Estados Unidos;Ingles
Sally Field;Femenino;Pasadena, Estados Unidos;Estadounidense;No aplica;Blanca;Sí; The Way West;Mejor actriz;Sí;1980;Norma Rae;1979;ingles;Drama;20th Century Fox;Estados Unidos;Ingles
Bette Midler;Femenino;Honolulú, Estados Unidos;Estadounidense;No aplica;Blanca;Sí; The Rose;Mejor actriz;No;1980;The Rose;1979;ingles;Drama, Music, Romance;20th Century Fox;Estados Unidos;Ingles
Jill Clayburgh;Femenino;Nueva York, Estados Unidos;Estadounidense;No aplica;Blanca;Sí; The Wedding Party;Mejor actriz;No;1980;Starting Over;1979;ingles;Comedy, Romance;Paramount;Estados Unidos;Ingles
Marsha Mason;Femenino;San Luis, Estados Unidos;Estadounidense;No aplica;Blanca;Sí; Hot Rod Hullabaloo;Mejor actriz;No;1980;Chapter Two;1979;ingles;Comedy, Drama, Romance;Columbia Pictures, Rastar Productions;Estados Unidos;Ingles
Robert De Niro;Masculino;Manhattan, Estados Unidos;Estadounidense;No aplica;Blanca;Sí; Greetings;Mejor actor;Sí;1981;Raging Bull;1980;ingles;Drama;United Artists;Estados Unidos;Ingles
John Hurt;Masculino;Chesterfield, Inglaterra;Británica;No aplica;Blanca;No; The Wild and the Willing;Mejor actor;No;1981;The Elephant Man;1980;ingles;Drama, History;Brooksfilms, Paramount;Estados Unidos;Ingles
Mary Tyler Moore;Femenino;Brooklyn, Estados Unidos;Estadounidense;No aplica;Blanca;Sí; X-15;Mejor actriz;No;1981;Ordinary People;1980;ingles;Drama;Paramount, Wildwood Enterprises;Estados Unidos;Ingles
Goldie Hawn;Femenino;Washington D.C., Estados Unidos;Estadounidense;No aplica;Blanca;Sí; The One and Only, Genuine, Original Family Band ;Mejor actriz;No;1981;Private Benjamin;1980;ingles;Comedy;Warner Bros. Pictures;Estados Unidos;Ingles
Sissy Spacek;Femenino;Quitman, Estados Unidos;Estadounidense;No aplica;Blanca;Sí; Prime Cut;Mejor actriz;Sí;1981;Coal Miner's Daughter;1980;ingles;Music, Drama;Universal Pictures;Estados Unidos;Ingles
Gena Rowlands;Femenino;Cambria, Estados Unidos;Estadounidense;No aplica;Blanca;Sí; The High Cost of Loving;Mejor actriz;No;1981;Gloria;1980;ingles;Crime, Drama, Thriller;Columbia Pictures;Estados Unidos;Ingles, Español
Peter O'Toole;Masculino;Leeds, Inglaterra;Británica;Irlandesa;Blanca;Sí; Kidnapped;Mejor actor;No;1981;The Stunt Man;1980;ingles;Action, Comedy, Drama, Thriller;Simon Productions, 20th Century Fox;Estados Unidos;Ingles
Ellen Burstyn;Femenino;Detroit, Estados Unidos;Estadounidense;No aplica;Blanca;Sí; For Those Who Think Young;Mejor actriz;No;1981;Resurrection;1980;ingles;Drama, Fantasy;Universal Pictures;Estados Unidos;Ingles
Jack Lemmon;Masculino;Newton, Estados Unidos;Estadounidense;No aplica;Blanca;Sí; It Should Happen to You;Mejor actor;No;1981;Tribute;1980;ingles;Comedy, Drama;Tiberius Film Productions, The Turman-Foster Company;;Aleman, Ingles
Robert Duvall;Masculino;San Diego, Estados Unidos;Estadounidense;No aplica;Blanca;Sí; To Kill a Mockingbird;Mejor actor;No;1981;The Great Santini;1980;Inglés;Drama;Orion Pictures, Bing Crosby Productions;Estados Unidos;Inglés
Henry Fonda;Masculino;Grand Island, Estados Unidos;Estadounidense ;No aplica;Blanca;Sí; The Farmer Takes a Wife;Mejor actor;Sí;1982;On Golden Pond;1981;ingles;Drama, Romance;Universal Pictures, IPC Films, ITC Entertainment;Estados Unidos;Ingles
Katharine Hepburn;Femenino;Hartford, Estados Unidos;Estadounidense;No aplica;Blanca;Sí; A Bill of Divorcement;Mejor actriz;Sí;1982;On Golden Pond;1981;ingles;Drama, Romance;Universal Pictures, IPC Films, ITC Entertainment;Estados Unidos;Ingles
Dudley Moore;Masculino;Dagenham, Inglaterra;Británica;No aplica;Blanca;No; The Wrong Box;Mejor actor;No;1982;Arthur;1981;ingles;Comedy, Drama, Romance;Orion Pictures, Jack Rollins & Charles H. Joffe Productions;Estados Unidos;Ingles
Warren Beatty;Masculino;Richmond, Estados Unidos;Estadounidense;No aplica;Blanca;Sí; Splendor in the Grass;Mejor actor;No;1982;Reds;1981;ingles;Drama, History, Romance;JRS Productions, Barclays Mercantile Industrial Finance, Paramount;Estados Unidos;Ingles, Finnish, Frances, Aleman, Italiano, Ruso
Diane Keaton;Femenino;Los Ángeles, Estados Unidos;Estadounidense;No aplica;Blanca;Sí; Lovers and Other Strangers;Mejor actriz;No;1982;Reds;1981;ingles;Drama, History, Romance;JRS Productions, Barclays Mercantile Industrial Finance, Paramount;Estados Unidos;Ingles, Finnish, Frances, Aleman, Italiano, Ruso
Meryl Streep;Femenino;Summit, Estados Unidos;Estadounidense;No aplica;Blanca;Sí; Julia;Mejor actriz;No;1982;The French Lieutenant's Woman;1981;ingles;Drama, Romance, History;Juniper Films;Reino Unido;Ingles
Paul Newman;Masculino;Shaker Heights, Estados Unidos;Estadounidense;No aplica;Blanca;Sí; The Silver Chalice;Mejor actor;No;1982;Absence of Malice;1981;ingles;Crime, Drama, Romance;Mirage Enterprises, Columbia Pictures;Estados Unidos;Ingles
Marsha Mason;Femenino;San Luis, Estados Unidos;Estadounidense;No aplica;Blanca;Sí; Hot Rod Hullabaloo;Mejor actriz;No;1982;Only When I Laugh;1981;ingles;Comedy, Drama;Columbia Pictures;Estados Unidos;Ingles
Burt Lancaster;Masculino;Manhattan, Estados Unidos;Estadounidense ;No aplica;Blanca;Sí; The Killers;Mejor actor;No;1982;Atlantic City;1981;Inglés;Drama, Crimen, Romance;Selta Films, International Cinema Corporation, Ambassador Film Productions;Canadá, Francia;Inglés
Susan Sarandon;Femenino;Queens, Estados Unidos;Estadounidense;No aplica;Blanca;Sí; Joe;Mejor actriz;No;1982;Atlantic City;1981;Inglés;Drama, Crimen, Romance;Selta Films, International Cinema Corporation, Ambassador Film Productions;Canadá, Francia;Inglés
Ben Kingsley;Masculino;Scarborough, Inglaterra;Británica;No aplica;Multirracial;No; Fear Is the Key;Mejor actor;Sí;1983;Gandhi;1982;ingles;Drama, History;Goldcrest, Indo-British, International Film Investors, National Film Development Corporation of India, Columbia Pictures;India, Reino Unido;Ingles, Hindi
Dustin Hoffman;Masculino;Los Ángeles, Estados Unidos;Estadounidense;No aplica;Blanca;Sí; The Tiger Makes Out;Mejor actor;No;1983;Tootsie;1982;ingles;Comedy, Romance;Mirage Enterprises, Punch Productions, Delphi Films, Columbia Pictures;Estados Unidos;Ingles
Debra Winger;Femenino;Cleveland, Estados Unidos;Estadounidense;No aplica;Blanca;Sí; Slumber Party '57;Mejor actriz;No;1983;An Officer and a Gentleman;1982;ingles;Drama, Romance;Paramount, Lorimar Film Entertainment;Estados Unidos;Ingles
Meryl Streep;Femenino;Summit, Estados Unidos;Estadounidense;No aplica;Blanca;Sí; Julia;Mejor actriz;Sí;1983;Sophie's Choice;1982;ingles;Drama, Romance, War;ITC Entertainment, Keith Barish Productions, Universal Pictures;Reino Unido, Estados Unidos;Checo, Aleman, Frances, Polaco, Ruso, Ingles
Paul Newman;Masculino;Shaker Heights, Estados Unidos;Estadounidense;No aplica;Blanca;Sí; The Silver Chalice;Mejor actor;No;1983;The Verdict;1982;ingles;Drama;20th Century Fox;Estados Unidos;Ingles
Julie Andrews;Femenino;Walton-on-Thames, Inglaterra;Británica;No aplica;Blanca;Sí; Mary Poppins;Mejor actriz;No;1983;Victor/Victoria;1982;ingles;Comedy, Music, Romance;Peerford Ltd., Artista Management, Metro-Goldwyn-Mayer;Reino Unido, Estados Unidos;Ingles, Frances
Jack Lemmon;Masculino;Newton, Estados Unidos;Estadounidense;No aplica;Blanca;Sí; It Should Happen to You;Mejor actor;No;1983;Missing;1982;ingles;Drama, Mystery, Thriller;Universal Pictures;Mexico, Estados Unidos;Ingles, Español
Sissy Spacek;Femenino;Quitman, Estados Unidos;Estadounidense;No aplica;Blanca;Sí; Prime Cut;Mejor actriz;No;1983;Missing;1982;ingles;Drama, Mystery, Thriller;Universal Pictures;Mexico, Estados Unidos;Ingles, Español
Jessica Lange;Femenino;Cloquet, Estados Unidos;Estadounidense;No aplica;Blanca;Sí; King Kong;Mejor actriz;No;1983;Frances;1982;ingles;Drama;Brooksfilms, EMI Films;Estados Unidos;Ingles
Peter O'Toole;Masculino;Leeds, Inglaterra;Británica;Irlandesa;Blanca;Sí; Kidnapped;Mejor actor;No;1983;My Favorite Year;1982;ingles;Comedy, Drama;Brooksfilms, Metro-Goldwyn-Mayer;Estados Unidos;Ingles
Shirley MacLaine;Femenino;Richmond, Estados Unidos;Estadounidense;No aplica;Blanca;Sí; The Trouble with Harry;Mejor actriz;Sí;1984;Terms of Endearment;1983;ingles;Drama, Comedy;Paramount;Estados Unidos;Ingles
Debra Winger;Femenino;Cleveland, Estados Unidos;Estadounidense;No aplica;Blanca;Sí; Slumber Party '57;Mejor actriz;No;1984;Terms of Endearment;1983;ingles;Drama, Comedy;Paramount;Estados Unidos;Ingles
Meryl Streep;Femenino;Summit, Estados Unidos;Estadounidense;No aplica;Blanca;Sí; Julia;Mejor actriz;No;1984;Silkwood;1983;ingles;Drama, Thriller;ABC Pictures;Estados Unidos;Ingles
Michael Caine;Masculino;Rotherhithe, Inglaterra;Británica;No aplica;Blanca;No; A Hill in Korea;Mejor actor;No;1984;Educating Rita;1983;ingles;Drama, Comedy;Acorn Pictures, Columbia Pictures;Reino Unido;Ingles
Julie Walters;Femenino;Birmingham, Inglaterra;Británica;No aplica;Blanca;No; Educating Rita;Mejor actriz;No;1984;Educating Rita;1983;ingles;Drama, Comedy;Acorn Pictures, Columbia Pictures;Reino Unido;Ingles
Jane Alexander;Femenino;Boston, Estados Unidos;Estadounidense;No aplica;Blanca;Sí; The Great White Hope;Mejor actriz;No;1984;Testament;1983;ingles;Drama, Science Fiction;American Playhouse, Entertainment Events, Paramount;Estados Unidos;Ingles
Robert Duvall;Masculino;San Diego, Estados Unidos;Estadounidense;No aplica;Blanca;Sí; To Kill a Mockingbird;Mejor actor;Sí;1984;Tender Mercies;1983;ingles;Drama, Music, Romance;Antron Media Production;Estados Unidos;Ingles
Tom Courtenay;Masculino;Hull, Inglaterra;Británica;No aplica;Blanca;No; The Loneliness of the Long Distance Runner;Mejor actor;No;1984;The Dresser;1983;ingles;Drama;Columbia Pictures;Reino Unido;Ingles
Albert Finney;Masculino;Salford, Inglaterra;Británica;No aplica;Blanca;No; The Entertainer;Mejor actor;No;1984;The Dresser;1983;ingles;Drama;Columbia Pictures;Reino Unido;Ingles
Tom Conti;Masculino;Paisley, Escocia;Británica;No aplica;Blanca;Sí; Galileo;Mejor actor;No;1984;Reuben, Reuben;1983;ingles;Drama, Comedy, Romance;Saltair ProductionsTAFT, Entertainment Pictures;Estados Unidos;Ingles
F. Murray Abraham;Masculino;Pittsburgh, Estados Unidos;Estadounidense;No aplica;Mediooriental;Sí; They Might Be Giants;Mejor actor;Sí;1985;Amadeus;1984;ingles;History, Music, Drama;AMLF, The Saul Zaentz Company;Estados Unidos;Ingles, Aleman, Italiano, Latin
Tom Hulce;Masculino;Detroit, Estados Unidos;Estadounidense;No aplica;Blanca;Sí; September 30, 1955;Mejor actor;No;1985;Amadeus;1984;ingles;History, Music, Drama;AMLF, The Saul Zaentz Company;Estados Unidos;Ingles, Aleman, Italiano, Latin
Jeff Bridges;Masculino;Los Ángeles, Estados Unidos;Estadounidense;No aplica;Blanca;Sí; Halls of Anger;Mejor actor;No;1985;Starman;1984;ingles;Science Fiction, Romance, Drama;Columbia Pictures, Industrial Light & Magic, Delphi II Productions;Estados Unidos;Ingles
Sam Waterston;Masculino;Cambridge, Estados Unidos;Estadounidense;No aplica;Blanca;Sí; The Plastic Dome of Norma Jean;Mejor actor;No;1985;The Killing Fields;1984;ingles;Drama, History, War;Goldcrest, Enigma Productions, International Film Investors;Reino Unido;Khmer, Frances, Ruso, Ingles
Judy Davis;Femenino;Perth, Australia;Australiana;No aplica;Blanca;No; High Rolling;Mejor actriz;No;1985;A Passage to India;1984;ingles;Drama, Adventure, History;EMI Films, Thorn EMI Screen Entertainment, HBO;Reino Unido, Estados Unidos;Ingles, Hindi
Sally Field;Femenino;Pasadena, Estados Unidos;Estadounidense;No aplica;Blanca;Sí; The Way West;Mejor actriz;Sí;1985;Places in the Heart;1984;ingles;Drama;TriStar Pictures, Delphi II Productions;Estados Unidos;Ingles
Sissy Spacek;Femenino;Quitman, Estados Unidos;Estadounidense;No aplica;Blanca;Sí; Prime Cut;Mejor actriz;No;1985;The River;1984;ingles;Drama;Universal Pictures;Estados Unidos;Ingles
Albert Finney;Masculino;Salford, Inglaterra;Británica;No aplica;Blanca;No; The Entertainer;Mejor actor;No;1985;Under the Volcano;1984;ingles;Drama;Conacite Uno, Ithaca, Universal Pictures;Mexico, Estados Unidos;Español, Ingles
Vanessa Redgrave;Femenino;Blackheath, Inglaterra;Británica;No aplica;Blanca;No; Behind the Mask;Mejor actriz;No;1985;The Bostonians;1984;ingles;Drama, Romance;Merchant Ivory Productions;Reino Unido, Estados Unidos;Ingles
Jessica Lange;Femenino;Cloquet, Estados Unidos;Estadounidense;No aplica;Blanca;Sí; King Kong;Mejor actriz;No;1985;Country;1984;ingles;Drama;Touchstone Pictures;Estados Unidos;Ingles
Whoopi Goldberg;Femenino;Nueva York, Estados Unidos;Estadounidense;No aplica;Negra;Sí; Citizen;Mejor actriz;No;1986;The Color Purple;1985;ingles;Drama, History;Amblin Entertainment, The Guber-Peters Company, Warner Bros. Pictures;Estados Unidos;Ingles
Harrison Ford;Masculino;Chicago, Estados Unidos;Estadounidense;No aplica;Blanca;Sí; A Time for Killing;Mejor actor;No;1986;Witness;1985;ingles;Crime, Drama, Romance, Thriller;Paramount;Estados Unidos;Aleman, Ingles
Meryl Streep;Femenino;Summit, Estados Unidos;Estadounidense;No aplica;Blanca;Sí; Julia;Mejor actriz;No;1986;Out of Africa;1985;ingles;History, Romance, Drama;Universal Pictures, Mirage Entertainment, Mirage Enterprises;Estados Unidos;Ingles, Swahili
Jon Voight;Masculino;Yonkers, Estados Unidos;Estadounidense;No aplica;Blanca;Sí; Fearless Frank;Mejor actor;No;1986;Runaway Train;1985;ingles;Action, Thriller, Drama, Adventure;Golan-Globus Productions, Northbrook Films, Cannon Group;Estados Unidos;Ingles
Jack Nicholson;Masculino;Neptune City, Estados Unidos;Estadounidense;No aplica;Blanca;Sí; The Cry Baby Killer;Mejor actor;No;1986;Prizzi's Honor;1985;ingles;Romance, Comedy, Crime;ABC Pictures, 20th Century Fox;Estados Unidos;Ingles
William Hurt;Masculino;Washington D.C., Estados Unidos;Estadounidense;No aplica;Blanca;Sí; Altered States;Mejor actor;Sí;1986;Kiss of the Spider Woman;1985;ingles;Drama;HB Filmes;Brasil, Estados Unidos;Ingles, Frances, Aleman, Italiano, Portuguese
Anne Bancroft;Femenino;Bronx, Estados Unidos;Estadounidense;No aplica;Blanca;Sí; Don't Bother to Knock;Mejor actriz;No;1986;Agnes of God;1985;ingles;Drama, Mystery;Columbia Pictures;Estados Unidos;Latin, Ingles, Frances
James Garner;Masculino;Norman, Estados Unidos;Estadounidense;No aplica;Blanca;Sí; Toward the Unknown;Mejor actor;No;1986;Murphy's Romance;1985;ingles;Comedy, Drama, Romance;Columbia Pictures;Estados Unidos;Ingles
Jessica Lange;Femenino;Cloquet, Estados Unidos;Estadounidense;No aplica;Blanca;Sí; King Kong;Mejor actriz;No;1986;Sweet Dreams;1985;ingles;Drama, Music, Romance;TriStar Pictures, Silver Screen Partners, HBO;Estados Unidos;Ingles
Geraldine Page;Femenino;Kirksville, Estados Unidos;Estadounidense;No aplica;Blanca;Sí; Hondo;Mejor actriz;Sí;1986;The Trip to Bountiful;1985;ingles;Drama;Bountiful Film Partners, FilmDallas Pictures;Estados Unidos;Ingles
Sigourney Weaver;Femenino;Manhattan, Estados Unidos;Estadounidense;No aplica;Blanca;Sí; Annie Hall;Mejor actriz;No;1987;Aliens;1986;ingles;Action, Thriller, Science Fiction;Brandywine Productions, SLM Production Group, 20th Century Fox;Estados Unidos;Ingles
Paul Newman;Masculino;Shaker Heights, Estados Unidos;Estadounidense;No aplica;Blanca;Sí; The Silver Chalice;Mejor actor;Sí;1987;The Color of Money;1986;ingles;Drama;Touchstone Pictures, Silver Screen Partners II;Estados Unidos;Ingles, Español
Kathleen Turner;Femenino;Springfield, Estados Unidos;Estadounidense;No aplica;Blanca;Sí; Body Heat;Mejor actriz;No;1987;Peggy Sue Got Married;1986;ingles;Comedy, Drama, Fantasy;American Zoetrope, TriStar Pictures;Estados Unidos;Ingles
James Woods;Masculino;Vernal, Estados Unidos;Estadounidense;No aplica;Blanca;Sí; The Visitors;Mejor actor;No;1987;Salvador;1986;ingles;Drama, War, Thriller;Hemdale Film;Reino Unido, Estados Unidos;Español, Ingles
William Hurt;Masculino;Washington D.C., Estados Unidos;Estadounidense;No aplica;Blanca;Sí; Altered States;Mejor actor;No;1987;Children of a Lesser God;1986;ingles;Drama, Romance;Paramount;Estados Unidos;Ingles
Marlee Matlin;Femenino;Morton Grove, Estados Unidos;Estadounidense;No aplica;Blanca;Sí; Children of a Lesser God;Mejor actriz;Sí;1987;Children of a Lesser God;1986;ingles;Drama, Romance;Paramount;Estados Unidos;Ingles
Bob Hoskins;Masculino;Bury Saint Edmunds, Inglaterra;Británica;No aplica;Blanca;No; Up the Front;Mejor actor;No;1987;Mona Lisa;1986;ingles;Crime, Drama, Romance, Thriller;HandMade Films, Palace Productions, Film4 Productions;Reino Unido;Ingles
Jane Fonda;Femenino;Manhattan, Estados Unidos;Estadounidense;No aplica;Blanca;Sí; Tall Story;Mejor actriz;No;1987;The Morning After;1986;ingles;Crime, Mystery, Romance, Thriller;American Filmworks, Lorimar Productions, Warner Bros. Pictures;Estados Unidos;Frances, Ingles
Sissy Spacek;Femenino;Quitman, Estados Unidos;Estadounidense;No aplica;Blanca;Sí; Prime Cut;Mejor actriz;No;1987;Crimes of the Heart;1986;ingles;Comedy, Drama;DEG, Crimes of the Heart S.A, De Laurentiis;Estados Unidos;Ingles
Dexter Gordon;Masculino;Los Ángeles, Estados Unidos;Estadounidense;No aplica;Negra;No; Jag älskar, du älskar;Mejor actor;No;1987;Round Midnight;1986;Inglés;Drama, Música;Little Bear Films, Warner Bros. Pictures, Amazon Entertainment;Francia, Estados Unidos;Inglés, Francés
Robin Williams;Masculino;Chicago, Estados Unidos;Estadounidense;No aplica;Blanca;Sí; Can I Do It ... Til I Need Glasses?;Mejor actor;No;1988;Good Morning, Vietnam;1987;ingles;Comedy, Drama, War;Touchstone Pictures, Silver Screen Partners III;Estados Unidos;Ingles, Vietnamita
Michael Douglas;Masculino;New Brunswick, Estados Unidos;Estadounidense;No aplica;Blanca;Sí; Rabbit Test;Mejor actor;Sí;1988;Wall Street;1987;ingles;Crime, Drama;20th Century Fox;Estados Unidos;Ingles
Glenn Close;Femenino;Greenwich, Estados Unidos;Estadounidense;No aplica;Blanca;Sí; The World According to Garp;Mejor actriz;No;1988;Fatal Attraction;1987;ingles;Drama, Thriller;Paramount;Estados Unidos;Ingles
Cher;Femenino;El Centro, Estados Unidos;Estadounidense;No aplica;Blanca;Sí; Chastity;Mejor actriz;Sí;1988;Moonstruck;1987;ingles;Comedy, Drama, Romance;Star Partners, Metro-Goldwyn-Mayer;Estados Unidos;Ingles, Italiano
William Hurt;Masculino;Washington D.C., Estados Unidos;Estadounidense;No aplica;Blanca;Sí; Altered States;Mejor actor;No;1988;Broadcast News;1987;ingles;Comedy, Romance;Amercent Films, American Entertainment Partners L.P., Gracie Films, 20th Century Fox;Estados Unidos;Frances, Aleman, Español, Ingles
Holly Hunter;Femenino;Conyers, Estados Unidos;Estadounidense;No aplica;Blanca;Sí; The Burning;Mejor actriz;No;1988;Broadcast News;1987;ingles;Comedy, Romance;Amercent Films, American Entertainment Partners L.P., Gracie Films, 20th Century Fox;Estados Unidos;Frances, Aleman, Español, Ingles
Jack Nicholson;Masculino;Neptune City, Estados Unidos;Estadounidense;No aplica;Blanca;Sí; The Cry Baby Killer;Mejor actor;No;1988;Ironweed;1987;ingles;Drama;TAFT Entertainment Pictures, HBO, Keith Barish Productions;Estados Unidos;Ingles
Meryl Streep;Femenino;Summit, Estados Unidos;Estadounidense;No aplica;Blanca;Sí; Julia;Mejor actriz;No;1988;Ironweed;1987;ingles;Drama;TAFT Entertainment Pictures, HBO, Keith Barish Productions;Estados Unidos;Ingles
Marcello Mastroianni;Masculino;Frosinone, Italia;Italiana;No aplica;Blanca;No; Tempesta su Parigi;Mejor actor;No;1988;Dark Eyes;1987;ruso;Comedy, Drama, Romance;Adriana International Corporation, RAI;Italia, Soviet Union;Frances, Italiano, Ruso
Sally Kirkland;Femenino;Manhattan, Estados Unidos;Estadounidense;No aplica;Blanca;Sí; Prison;Mejor actriz;No;1988;Anna;1987;ingles;Drama;Magnus Films, Vestron Pictures;Estados Unidos;
Dustin Hoffman;Masculino;Los Ángeles, Estados Unidos;Estadounidense;No aplica;Blanca;Sí; The Tiger Makes Out;Mejor actor;Sí;1989;Rain Man;1988;ingles;Drama;United Artists, Star Partners II Ltd.;Estados Unidos;Italiano, Ingles
Tom Hanks;Masculino;Concord, Estados Unidos;Estadounidense;No aplica;Blanca;Sí; He Knows You're Alone;Mejor actor;No;1989;Big;1988;ingles;Fantasy, Drama, Comedy, Romance, Family;American Entertainment Partners II L.P., Gracie Films, 20th Century Fox;Estados Unidos;Ingles
Gene Hackman;Masculino;San Bernardino, Estados Unidos;Estadounidense;No aplica;Blanca;Sí; Lilith;Mejor actor;No;1989;Mississippi Burning;1988;ingles;Drama, Crime;Orion Pictures;Estados Unidos;Ingles
Glenn Close;Femenino;Greenwich, Estados Unidos;Estadounidense;No aplica;Blanca;Sí; The World According to Garp;Mejor actriz;No;1989;Dangerous Liaisons;1988;ingles;Drama, Romance;Lorimar Film Entertainment, NFH Films, Warner Bros. Pictures;Reino Unido, Estados Unidos;Ingles
Melanie Griffith;Femenino;Nueva York, Estados Unidos;Estadounidense;No aplica;Blanca;Sí; Night Moves;Mejor actriz;No;1989;Working Girl;1988;ingles;Comedy, Romance, Drama;20th Century Fox;Estados Unidos;Aleman, Ingles
Sigourney Weaver;Femenino;Manhattan, Estados Unidos;Estadounidense;No aplica;Blanca;Sí; Annie Hall;Mejor actriz;No;1989;Gorillas in the Mist;1988;ingles;Drama, History;The Guber-Peters Company, Universal Pictures, Warner Bros. Pictures;Estados Unidos;Ingles
Jodie Foster;Femenino;Los Ángeles, Estados Unidos;Estadounidense;No aplica;Blanca;Sí; Napoleon and Samantha;Mejor actriz;Sí;1989;The Accused;1988;ingles;Drama;Paramount Pictures Canada, Paramount;Canada, Estados Unidos;Ingles
Edward James Olmos;Masculino;East Los Angeles, Estados Unidos;Estadounidense;Mexicana;Hispana;Sí; Aloha Bobby and Rose;Mejor actor;No;1989;Stand and Deliver;1988;ingles;Drama;Warner Bros. Pictures, American Playhouse, Olmos Productions;Estados Unidos;Ingles, Español
Max von Sydow;Masculino;Lund, Suecia;Sueca;Francesa;Blanca;No; Bara en mor;Mejor actor;No;1989;Pelle the Conqueror;1988;Danés;Drama;Per Holst Film, Svensk Filmindustri, Danish Film Institute;Dinamarca, Suecia;Danés, Sueco
Meryl Streep;Femenino;Summit, Estados Unidos;Estadounidense;No aplica;Blanca;Sí; Julia;Mejor actriz;No;1989;A Cry in the Dark;1988;Inglés;Drama, Crimen, Suspense;Cannon Entertainment, Golan-Globus Productions, Cinema Verity, Evil Angels Films;Australia, Estados Unidos;Inglés
Robin Williams;Masculino;Chicago, Estados Unidos;Estadounidense;No aplica;Blanca;Sí; Can I Do It ... Til I Need Glasses?;Mejor actor;No;1990;Dead Poets Society;1989;ingles;Drama;Touchstone Pictures, Silver Screen Partners IV, A Steven Haft Production, Witt/Thomas Productions;Estados Unidos;Ingles, Latin
Tom Cruise;Masculino;Siracusa, Estados Unidos;Estadounidense;No aplica;Blanca;Sí; Endless Love;Mejor actor;No;1990;Born on the Fourth of July;1989;ingles;Drama, War;Universal Pictures, Ixtlan;Estados Unidos;Ingles, Español
Morgan Freeman;Masculino;Memphis, Estados Unidos;Estadounidense;No aplica;Negra;Sí; Who Says I Can't Ride a Rainbow!;Mejor actor;No;1990;Driving Miss Daisy;1989;ingles;Drama;The Zanuck Company, Majestic Films International, Warner Bros. Pictures;Estados Unidos;Ingles, Hebreo
Jessica Tandy;Femenino;Stoke Newington, Inglaterra;Británica;Estadounidense;Blanca;No; The Indiscretions of Eve;Mejor actriz;Sí;1990;Driving Miss Daisy;1989;ingles;Drama;The Zanuck Company, Majestic Films International, Warner Bros. Pictures;Estados Unidos;Ingles, Hebreo
Kenneth Branagh;Masculino;Belfast, Reino Unido;Británica;No aplica;Blanca;No; A Month in the Country;Mejor actor;No;1990;Henry V;1989;ingles;War, Drama, History;BBC Film, Renaissance Films, Samuel Goldwyn Company;Reino Unido;Ingles
Michelle Pfeiffer;Femenino;Santa Ana, Estados Unidos;Estadounidense;No aplica;Blanca;Sí; The Hollywood Knights;Mejor actriz;No;1990;The Fabulous Baker Boys;1989;ingles;Comedy, Drama, Music, Romance;Tobis, Gladden Entertainment, Mirage, 20th Century Fox;Estados Unidos;Ingles
Jessica Lange;Femenino;Cloquet, Estados Unidos;Estadounidense;No aplica;Blanca;Sí; King Kong;Mejor actriz;No;1990;Music Box;1989;ingles;Crime, Drama, Thriller;TriStar Pictures, Carolco Pictures;Estados Unidos;Español, Hungaro, Ingles
Pauline Collins;Femenino;Exmouth, Inglaterra;Británica;No aplica;Blanca;No; Secrets of a Windmill Girl;Mejor actriz;No;1990;Shirley Valentine;1989;ingles;Romance, Comedy;Paramount;Reino Unido, Estados Unidos;Ingles
Daniel Day-Lewis;Masculino;Greenwich, Inglaterra;Británica;Irlandesa;Blanca;No; Endless Love;Mejor actor;Sí;1990;My Left Foot;1989;Inglés;Drama;Ferndale Films, Granada Television;Irlanda, Reino Unido;Inglés
Isabelle Adjani;Femenino;París, Francia;Francesa;No aplica;Multirracial;No; Le petit bougnat;Mejor actriz;No;1990;Camille Claudel;1989;Francés;Drama, Romance, Historia;Lilith Films, Gaumont, Films A2, DD Productions;Francia;Francés
Julia Roberts;Femenino;Smyrna, Estados Unidos;Estadounidense;No aplica;Blanca;Sí; Satisfaction;Mejor actriz;No;1991;Pretty Woman;1990;ingles;Comedy, Romance;Touchstone Pictures, Silver Screen Partners IV;Estados Unidos;Ingles
Kathy Bates;Femenino;Memphis, Estados Unidos;Estadounidense;No aplica;Blanca;Sí; Taking Off;Mejor actriz;Sí;1991;Misery;1990;ingles;Drama, Thriller;Castle Rock Entertainment, Nelson Entertainment;Estados Unidos;Ingles
Robert De Niro;Masculino;Manhattan, Estados Unidos;Estadounidense;No aplica;Blanca;Sí; Greetings;Mejor actor;No;1991;Awakenings;1990;ingles;Drama;Parkes/Lasker productions;Estados Unidos;Ingles
Gerard Depardieu;Masculino;Châteauroux, Francia;Francesa;Rusa;Blanca;No; Le cri du cormoran, le soir au-dessus des jonques;Mejor actor;No;1991;Cyrano de Bergerac;1990;frances;Drama, Comedy, History, Romance;Hachette Première, Films A2, DD Productions, Caméra One, CNC, Investors Club, Sofinergie 1, Union Générale Cinématographique (UGC);Francia;Frances
Anjelica Huston;Femenino;Santa Mónica, Estados Unidos;Estadounidense;No aplica;Blanca;Sí; A Walk with Love and Death;Mejor actriz;No;1991;The Grifters;1990;ingles;Crime, Drama;Cineplex-Odeon Films, Miramax;Estados Unidos;Ingles
Jeremy Irons;Masculino;Cowes, Inglaterra;Británica;No aplica;Blanca;No; Langrishe, Go Down;Mejor actor;Sí;1991;Reversal of Fortune;1990;ingles;Drama;Shochiku-Fuji Company, Sovereign Pictures, Reversal Films Inc.;Japon, Reino Unido, Estados Unidos;Ingles
Meryl Streep;Femenino;Summit, Estados Unidos;Estadounidense;No aplica;Blanca;Sí; Julia;Mejor actriz;No;1991;Postcards from the Edge;1990;ingles;Comedy, Drama;Columbia Pictures;Estados Unidos;Ingles
Richard Harris;Masculino;Limerick, Irlanda;Irlandesa;No aplica;Blanca;No; Alive and Kicking;Mejor actor;No;1991;The Field;1990;ingles;Drama;Sovereign Pictures, Granada Television, Noel Pearson;Irlanda;Ingles
Joanne Woodward;Femenino;Thomasville, Estados Unidos;Estadounidense;No aplica;Blanca;Sí; Count Three and Pray;Mejor actriz;No;1991;Mr. & Mrs. Bridge;1990;ingles;Drama;Merchant Ivory Productions;Estados Unidos;Ingles
Kevin Costner;Masculino;Lynwood, Estados Unidos;Estadounidense;No aplica;Blanca;Sí; Malibu Hot Summer;Mejor actor;No;1991;Dances With Wolves;1990;Inglés;Aventura, Drama, Western;Tig Productions, Majestic Films International;Estados Unidos, Reino Unido;Inglés, Lakota
Anthony Hopkins;Masculino;Port Talbot, Reino Unido;Británica;Estadounidense;Blanca;No; The Lion in Winter;Mejor actor;Sí;1992;The Silence of the Lambs;1991;ingles;Crime, Drama, Thriller;Orion Pictures, Strong Heart/Demme Production;Estados Unidos;Ingles
Jodie Foster;Femenino;Los Ángeles, Estados Unidos;Estadounidense;No aplica;Blanca;Sí; Napoleon and Samantha;Mejor actriz;Sí;1992;The Silence of the Lambs;1991;ingles;Crime, Drama, Thriller;Orion Pictures, Strong Heart/Demme Production;Estados Unidos;Ingles
Robert De Niro;Masculino;Manhattan, Estados Unidos;Estadounidense;No aplica;Blanca;Sí; Greetings;Mejor actor;No;1992;Cape Fear;1991;ingles;Thriller;Universal Pictures, Amblin Entertainment, Cappa Productions, Tribeca Productions;Estados Unidos;Ingles
Geena Davis;Femenino;Wareham, Estados Unidos;Estadounidense;No aplica;Blanca;Sí; Tootsie;Mejor actriz;No;1992;Thelma & Louise;1991;ingles;Drama, Thriller, Crime, Adventure;Star Partners III Ltd., Metro-Goldwyn-Mayer, Pathé Entertainment, Scott Free Productions;Reino Unido, Estados Unidos;Ingles
Susan Sarandon;Femenino;Queens, Estados Unidos;Estadounidense;No aplica;Blanca;Sí; Joe;Mejor actriz;No;1992;Thelma & Louise;1991;ingles;Drama, Thriller, Crime, Adventure;Star Partners III Ltd., Metro-Goldwyn-Mayer, Pathé Entertainment, Scott Free Productions;Reino Unido, Estados Unidos;Ingles
Robin Williams;Masculino;Chicago, Estados Unidos;Estadounidense;No aplica;Blanca;Sí; Can I Do It ... Til I Need Glasses?;Mejor actor;No;1992;The Fisher King;1991;ingles;Comedy, Drama;TriStar Pictures;Estados Unidos;Ingles
Warren Beatty;Masculino;Richmond, Estados Unidos;Estadounidense;No aplica;Blanca;Sí; Splendor in the Grass;Mejor actor;No;1992;Bugsy;1991;ingles;Crime, Drama, Mystery;Baltimore Pictures, TriStar Pictures;Estados Unidos;Ingles
Nick Nolte;Masculino;Omaha, Estados Unidos;Estadounidense;No aplica;Blanca;Sí; Return to Macon County;Mejor actor;No;1992;The Prince of Tides;1991;ingles;Drama, Romance;Columbia Pictures;Estados Unidos;Ingles
Bette Midler;Femenino;Honolulú, Estados Unidos;Estadounidense;No aplica;Blanca;Sí; The Rose;Mejor actriz;No;1992;For the Boys;1991;ingles;Drama, Music;All Girl Productions, 20th Century Fox;Estados Unidos;Ingles
Laura Dern;Femenino;Los Ángeles, Estados Unidos;Estadounidense;No aplica;Blanca;Sí;  Foxes;Mejor actriz;No;1992;Rambling Rose;1991;ingles;Drama;Seven Arts Pictures, Carolco Pictures;Estados Unidos;Ingles
Clint Eastwood;Masculino;San Francisco, Estados Unidos;Estadounidense;No aplica;Blanca;Sí; Francis in the Navy;Mejor actor;No;1993;Unforgiven;1992;ingles;Western;Warner Bros. Pictures, Malpaso Productions;Estados Unidos;Ingles
Al Pacino;Masculino;East Harlem, Estados Unidos;Estadounidense;No aplica;Blanca;Sí; Me, Natalie;Mejor actor;Sí;1993;Scent of a Woman;1992;ingles;Drama;Universal Pictures, City Light Films;Estados Unidos;Ingles
Denzel Washington;Masculino;Mount Vernon, Estados Unidos;Estadounidense;No aplica;Negra;Sí; Carbon Copy;Mejor actor;No;1993;Malcolm X;1992;ingles;Drama, History;40 Acres and a Mule Filmworks, JVC, Warner Bros. Pictures;Estados Unidos;Arabe, Ingles
Robert Downey Jr.;Masculino;Manhattan, Estados Unidos;Estadounidense;No aplica;Blanca;Sí; Pound;Mejor actor;No;1993;Chaplin;1992;ingles;Drama;Japan Satellite Broadcasting (JSB), RCS Video, Le Studio Canal+, Carolco Pictures, TriStar Pictures;Francia, Italia, Japon, Reino Unido, Estados Unidos;Ingles
Stephen Rea;Masculino;Belfast, Reino Unido;Norirlandesa;No aplica;Blanca;No; Cry of the Banshee;Mejor actor;No;1993;The Crying Game;1992;ingles;Crime, Drama, Thriller;Palace Pictures, Nippon Film Development and Finance Inc., Eurotrustees, British Screen Productions, Film4 Productions;Irlanda, Japon, Reino Unido;Ingles
Susan Sarandon;Femenino;Queens, Estados Unidos;Estadounidense;No aplica;Blanca;Sí; Joe;Mejor actriz;No;1993;Lorenzo's Oil;1992;ingles;Drama;Universal Pictures;Estados Unidos;Ingles, Italiano
Emma Thompson;Femenino;Paddington, Inglaterra;Británica;No aplica;Blanca;No; The Tall Guy;Mejor actriz;Sí;1993;Howards End;1992;ingles;Drama, Romance;Merchant Ivory Productions, Film4 Productions, Japan Satellite Broadcasting (JSB), IMAGICA, Sumitomo Corporation;Japon, Reino Unido, Estados Unidos;Ingles, Aleman
Catherine Deneuve;Femenino;París, Francia;Francesa;No aplica;Blanca;No; Les Collégiennes;Mejor actriz;No;1993;Indochine;1992;frances;Drama, Romance;Investimage 3, Bac Films, Paradis Films, Orly Films, Ciné Cinq, La Générale d'Images, Sofinergie 2, Club des Investissments, Sofica Sofinergie, CNC, Canal+;Francia;Frances, Vietnamita
Michelle Pfeiffer;Femenino;Santa Ana, Estados Unidos;Estadounidense;No aplica;Blanca;Sí; The Hollywood Knights;Mejor actriz;No;1993;Love Field;1992;ingles;Drama, Romance;Orion Pictures, Sanford/Pillsbury Productions;Estados Unidos;Ingles
Mary McDonnell;Femenino;Wilkes-Barre, Estados Unidos;Estadounidense;No aplica;Blanca;Sí; Garbo Talks;Mejor actriz;No;1993;Passion Fish;1992;ingles;Drama;Atchafalaya;Estados Unidos;Ingles
Liam Neeson;Masculino;Ballymena, Reino Unido;Norirlandesa;Estadounidense;Blanca;Sí; Pilgrim's Progress;Mejor actor;No;1994;Schindler's List;1993;ingles;Drama, History, War;Amblin Entertainment;Estados Unidos;Aleman, Polaco, Hebreo, Ingles
Tom Hanks;Masculino;Concord, Estados Unidos;Estadounidense;No aplica;Blanca;Sí; He Knows You're Alone;Mejor actor;Sí;1994;Philadelphia;1993;ingles;Drama;TriStar Pictures;Estados Unidos;Ingles
Daniel Day-Lewis;Masculino;Greenwich, Inglaterra;Británica;Irlandesa;Blanca;No; Endless Love;Mejor actor;No;1994;In the Name of the Father;1993;ingles;Drama;Hell's Kitchen Films, Universal Pictures;Reino Unido, Irlanda;Ingles
Holly Hunter;Femenino;Conyers, Estados Unidos;Estadounidense;No aplica;Blanca;Sí; The Burning;Mejor actriz;Sí;1994;The Piano;1993;ingles;Drama, Romance;New South Wales Film & Television Office, Jan Chapman Productions, Australian Film Commission, CiBy 2000;Nueva Zelanda, Australia, Francia;Ingles, Maori
Anthony Hopkins;Masculino;Port Talbot, Reino Unido;Británica;Estadounidense;Blanca;No; The Lion in Winter;Mejor actor;No;1994;The Remains of the Day;1993;ingles;Drama, Romance;Columbia Pictures, Merchant Ivory Productions;Reino Unido, Estados Unidos;Aleman, Ingles
Emma Thompson;Femenino;Paddington, Inglaterra;Británica;No aplica;Blanca;No; The Tall Guy;Mejor actriz;No;1994;The Remains of the Day;1993;ingles;Drama, Romance;Columbia Pictures, Merchant Ivory Productions;Reino Unido, Estados Unidos;Aleman, Ingles
Stockard Channing;Femenino;Nueva York, Estados Unidos;Estadounidense;No aplica;Blanca;Sí; The Fortune;Mejor actriz;No;1994;Six Degrees of Separation;1993;ingles;Mystery, Drama, Comedy;New Regency Pictures, Maiden Movies, Metro-Goldwyn-Mayer;Estados Unidos;Ingles
Laurence Fishburne;Masculino;Augusta, Estados Unidos;Estadounidense;No aplica;Negra;Sí; Cornbread, Earl and Me;Mejor actor;No;1994;What's Love Got to Do with It;1993;ingles;Drama, Music, History;Touchstone Pictures;Estados Unidos;Ingles
Angela Bassett;Femenino;Nueva York, Estados Unidos;Estadounidense;No aplica;Negra;Sí; F/X;Mejor actriz;No;1994;What's Love Got to Do with It;1993;ingles;Drama, Music, History;Touchstone Pictures;Estados Unidos;Ingles
Debra Winger;Femenino;Cleveland, Estados Unidos;Estadounidense;No aplica;Blanca;Sí; Slumber Party '57;Mejor actriz;No;1994;Shadowlands;1993;ingles;Drama, Romance;Savoy Pictures, Shadowlands Productions, Price Entertainment, Spelling Films International;Reino Unido;Ingles, Aleman
John Travolta;Masculino;Englewood, Estados Unidos;Estadounidense;No aplica;Blanca;Sí; The Devil's Rain;Mejor actor;No;1995;Pulp Fiction;1994;ingles;Thriller, Crime;Miramax, A Band Apart, Jersey Films;Estados Unidos;Ingles, Español, Frances
Tom Hanks;Masculino;Concord, Estados Unidos;Estadounidense;No aplica;Blanca;Sí; He Knows You're Alone;Mejor actor;Sí;1995;Forrest Gump;1994;ingles;Comedy, Drama, Romance;Paramount, The Steve Tisch Company, Wendy Finerman Productions;Estados Unidos;Ingles
Morgan Freeman;Masculino;Memphis, Estados Unidos;Estadounidense;No aplica;Negra;Sí; Who Says I Can't Ride a Rainbow!;Mejor actor;No;1995;The Shawshank Redemption;1994;ingles;Drama, Crime;Castle Rock Entertainment;Estados Unidos;Ingles
Winona Ryder;Femenino;Winona, Estados Unidos;Estadounidense;No aplica;Blanca;Sí; Lucas;Mejor actriz;No;1995;Little Women;1994;ingles;Drama, Romance;Columbia Pictures;Estados Unidos;Ingles, Aleman, Frances
Susan Sarandon;Femenino;Queens, Estados Unidos;Estadounidense;No aplica;Blanca;Sí; Joe;Mejor actriz;No;1995;The Client;1994;ingles;Drama, Thriller, Crime, Mystery;Alcor Films, Regency Enterprises, Warner Bros. Pictures;Estados Unidos;Ingles
Jodie Foster;Femenino;Los Ángeles, Estados Unidos;Estadounidense;No aplica;Blanca;Sí; Napoleon and Samantha;Mejor actriz;No;1995;Nell;1994;ingles;Drama, Thriller;Egg Pictures, PolyGram Filmed Entertainment;Estados Unidos;Ingles
Paul Newman;Masculino;Shaker Heights, Estados Unidos;Estadounidense;No aplica;Blanca;Sí; The Silver Chalice;Mejor actor;No;1995;Nobody's Fool;1994;ingles;Drama, Comedy;Capella International, Cinehaus, Paramount;Estados Unidos;Ingles
Nigel Hawthorne;Masculino;Coventry, Inglaterra;Británica;No aplica;Blanca;Sí; S*P*Y*S;Mejor actor;No;1995;The Madness of King George;1994;ingles;Comedy, Drama, History;Samuel Goldwyn Company, Close Call Films, Film4 Productions;Reino Unido;Ingles
Jessica Lange;Femenino;Cloquet, Estados Unidos;Estadounidense;No aplica;Blanca;Sí; King Kong;Mejor actriz;Sí;1995;Blue Sky;1994;ingles;Drama, Romance;Heathrow Productions, Orion Pictures;Estados Unidos;Frances, Ingles
Miranda Richardson;Femenino;Southport, Inglaterra;Británica;No aplica;Blanca;No; Dance with a Stranger;Mejor actriz;No;1995;Tom & Viv;1994;ingles;Drama, Romance;British Screen Productions, IRS Media;Reino Unido, Estados Unidos;Ingles
Sharon Stone;Femenino;Meadville, Estados Unidos;Estadounidense;No aplica;Blanca;Sí; Stardust Memories;Mejor actriz;No;1996;Casino;1995;ingles;Crime, Drama;Universal Pictures, Syalis DA, De Fina-Cappa, Légende Films;Francia, Estados Unidos;Ingles
Meryl Streep;Femenino;Summit, Estados Unidos;Estadounidense;No aplica;Blanca;Sí; Julia;Mejor actriz;No;1996;The Bridges of Madison County;1995;ingles;Drama, Romance;Amblin Entertainment, Malpaso Productions, Warner Bros. Pictures;Estados Unidos;Ingles
Emma Thompson;Femenino;Paddington, Inglaterra;Británica;No aplica;Blanca;No; The Tall Guy;Mejor actriz;No;1996;Sense and Sensibility;1995;ingles;Drama, Romance;Mirage Enterprises, Columbia Pictures;Reino Unido;Ingles
Nicolas Cage;Masculino;Long Beach, Estados Unidos;Estadounidense;No aplica;Blanca;Sí; Fast Times at Ridgemont High;Mejor actor;Sí;1996;Leaving Las Vegas;1995;ingles;Drama, Romance;Initial Productions, United Artists, Lumière Pictures, Metro-Goldwyn-Mayer;Francia, Reino Unido, Estados Unidos;Ingles, Italiano, Ruso
Elisabeth Shue;Femenino;Wilmington, Estados Unidos;Estadounidense;No aplica;Blanca;Sí; Somewhere, Tomorrow;Mejor actriz;No;1996;Leaving Las Vegas;1995;ingles;Drama, Romance;Initial Productions, United Artists, Lumière Pictures, Metro-Goldwyn-Mayer;Francia, Reino Unido, Estados Unidos;Ingles, Italiano, Ruso
Sean Penn;Masculino;Burbank, Estados Unidos;Estadounidense;No aplica;Blanca;Sí; Taps;Mejor actor;No;1996;Dead Man Walking;1995;ingles;Drama;Havoc, PolyGram Filmed Entertainment, Working Title Films;Estados Unidos, Reino Unido;Ingles
Susan Sarandon;Femenino;Queens, Estados Unidos;Estadounidense;No aplica;Blanca;Sí; Joe;Mejor actriz;Sí;1996;Dead Man Walking;1995;ingles;Drama;Havoc, PolyGram Filmed Entertainment, Working Title Films;Estados Unidos, Reino Unido;Ingles
Richard Dreyfuss;Masculino;Brooklyn, Estados Unidos;Estadounidense;No aplica;Blanca;Sí; The Young Runaways;Mejor actor;No;1996;Mr. Holland's Opus;1995;ingles;Drama, Music, Family;Hollywood Pictures, Interscope Communications, PolyGram Filmed Entertainment, The Charlie Mopic Company;Estados Unidos;Ingles
Anthony Hopkins;Masculino;Port Talbot, Reino Unido;Británica;Estadounidense;Blanca;No; The Lion in Winter;Mejor actor;No;1996;Nixon;1995;ingles;Drama, History;Cinergi Pictures Entertainment, Hollywood Pictures;Estados Unidos;Ingles
Massimo Troisi;Masculino;San Giorgio, Italia;Italiana;No aplica;Blanca;Sí; Ricomincio da tre;Mejor actor;No;1996;The Postman (Il Postino);1995;Italiano;Drama, Romance, Comedia;Cecchi Gori Group Tiger Cinematografica, Esterno Mediterraneo Film, Blue Dahlia Productions, Le Studio Canal+;Italia, Francia, Bélgica;Italiano, Español
Frances McDormand;Femenino;Chicago, Estados Unidos;Estadounidense;No aplica;Blanca;Sí; Blood Simple;Mejor actriz;Sí;1997;Fargo;1996;ingles;Crime, Drama, Thriller;PolyGram Filmed Entertainment, Working Title Films;Reino Unido, Estados Unidos;Ingles
Tom Cruise;Masculino;Siracusa, Estados Unidos;Estadounidense;No aplica;Blanca;Sí; Endless Love;Mejor actor;No;1997;Jerry Maguire;1996;ingles;Comedy, Drama, Romance;Gracie Films, TriStar Pictures, Vinyl Films;Estados Unidos;Ingles
Ralph Fiennes;Masculino;Ipswich, Inglaterra;Británica;No aplica;Blanca;Sí; Wuthering Heights;Mejor actor;No;1997;The English Patient;1996;ingles;Drama, Romance, War;Miramax, Tiger Moth Productions;Reino Unido, Estados Unidos;Aleman, Italiano, Arabe, Ingles
Kristin Scott Thomas;Femenino;Redruth, Inglaterra;Británica;Francesa;Blanca;Sí; Under the Cherry Moon;Mejor actriz;No;1997;The English Patient;1996;ingles;Drama, Romance, War;Miramax, Tiger Moth Productions;Reino Unido, Estados Unidos;Aleman, Italiano, Arabe, Ingles
Woody Harrelson;Masculino;Midland, Estados Unidos;Estadounidense;No aplica;Blanca;Sí; Wildcats;Mejor actor;No;1997;The People vs. Larry Flynt;1996;ingles;Drama;Columbia Pictures, Phoenix Pictures, Filmhaus, Illusion Entertainment, Ixtlan, Janet Yang Productions;Estados Unidos;Ingles
Emily Watson;Femenino;Islington, Inglaterra;Británica;No aplica;Blanca;Sí; Breaking the Waves;Mejor actriz;No;1997;Breaking the Waves;1996;ingles;Drama, Romance;Trust Film, Det Danske Filminstitut;Denmark, Francia, Iceland, Netherlands, Noruega, Espana, Suecia, Reino Unido;Ingles
Billy Bob Thornton;Masculino;Hot Springs, Estados Unidos;Estadounidense;No aplica;Blanca;Sí; Hunter's Blood;Mejor actor;No;1997;Sling Blade;1996;ingles;Drama;Miramax, Shooting Gallery;Estados Unidos;Ingles
Geoffrey Rush;Masculino;Toowoomba, Australia;Australiana;No aplica;Blanca;No; Hoodwink;Mejor actor;Sí;1997;Shine;1996;ingles;Drama;Fine Line Features, Film Victoria, South Australian Feature Film Company, Australian Film Finance Corporation;Australia;Ingles, Yiddish
Brenda Blethyn;Femenino;Ramsgate, Inglaterra;Británica;No aplica;Blanca;Sí; The Witches;Mejor actriz;No;1997;Secrets & Lies;1996;ingles;Drama;Thin Man Films, CiBy 2000, Film4 Productions;Francia, Reino Unido;Ingles
Diane Keaton;Femenino;Los Ángeles, Estados Unidos;Estadounidense;No aplica;Blanca;Sí; Lovers and Other Strangers;Mejor actriz;No;1997;Marvin's Room;1996;ingles;Drama;Tribeca Productions, Miramax, Scott Rudin Productions;Estados Unidos;Ingles, Español
Kate Winslet;Femenino;Reading, Inglaterra;Británica;No aplica;Blanca;No; Heavenly Creatures;Mejor actriz;No;1998;Titanic;1997;ingles;Drama, Romance;Paramount, 20th Century Fox, Lightstorm Entertainment;Estados Unidos;Ingles, Frances, Aleman, Sueco, Italiano, Ruso
Matt Damon;Masculino;Cambridge, Estados Unidos;Estadounidense;No aplica;Blanca;Sí; Mystic Pizza;Mejor actor;No;1998;Good Will Hunting;1997;ingles;Drama;Miramax, Lawrence Bender Productions, Be Gentlemen Limited Partnership;Estados Unidos;Ingles
Jack Nicholson;Masculino;Neptune City, Estados Unidos;Estadounidense;No aplica;Blanca;Sí; The Cry Baby Killer;Mejor actor;Sí;1998;As Good as It Gets;1997;ingles;Drama, Comedy, Romance;Gracie Films, TriStar Pictures, Sony Pictures;Estados Unidos;Ingles
Helen Hunt;Femenino;Culver City, Estados Unidos;Estadounidense;No aplica;Blanca;Sí;  Rollercoaster;Mejor actriz;Sí;1998;As Good as It Gets;1997;ingles;Drama, Comedy, Romance;Gracie Films, TriStar Pictures, Sony Pictures;Estados Unidos;Ingles
Dustin Hoffman;Masculino;Los Ángeles, Estados Unidos;Estadounidense;No aplica;Blanca;Sí; The Tiger Makes Out;Mejor actor;No;1998;Wag the Dog;1997;ingles;Comedy, Drama;New Line Cinema, Tribeca Productions, Baltimore Pictures, Punch Productions;Estados Unidos;Albanian, Ingles
Robert Duvall;Masculino;San Diego, Estados Unidos;Estadounidense;No aplica;Blanca;Sí; To Kill a Mockingbird;Mejor actor;No;1998;The Apostle;1997;ingles;Drama;Butcher's Run Productions;Estados Unidos;Ingles
Helena Bonham Carter;Femenino;Golders Green, Inglaterra;Británica;No aplica;Blanca;No; Lady Jane;Mejor actriz;No;1998;The Wings of the Dove;1997;ingles;Drama, Romance;Miramax;Reino Unido, Estados Unidos;Ingles, Italiano
Peter Fonda;Masculino;Manhattan, Estados Unidos;Estadounidense;No aplica;Blanca;Sí; Tammy and the Doctor;Mejor actor;No;1998;Ulee's Gold;1997;ingles;Drama;Nunez-Gowan, Clinica Estetico;Estados Unidos;Ingles
Julie Christie;Femenino;Chabua, India;Británica;No aplica;Blanca;No; Crooks Anonymous;Mejor actriz;No;1998;Afterglow;1997;ingles;Drama, Romance, Comedy;Moonstone Entertainment, Elysian Dreams, Sandcastle 5;Estados Unidos;Ingles, Frances
Judi Dench;Femenino;York, Inglaterra;Británica;No aplica;Blanca;No; The Third Secret;Mejor actriz;No;1998;Mrs. Brown;1997;Inglés;Drama, Historia, Romance;Ecosse Films, BBC Films, Excelsior Productions;Reino Unido, Irlanda, Estados Unidos;Inglés
Tom Hanks;Masculino;Concord, Estados Unidos;Estadounidense;No aplica;Blanca;Sí; He Knows You're Alone;Mejor actor;No;1999;Saving Private Ryan;1998;ingles;Drama, History, War;Paramount, Amblin Entertainment, Mutual Film Company, DreamWorks Pictures, The Mark Gordon Company;Estados Unidos;Checo, Aleman, Ingles, Frances
Edward Norton;Masculino;Boston, Estados Unidos;Estadounidense;No aplica;Blanca;Sí; Primal Fear;Mejor actor;No;1999;American History X;1998;ingles;Drama;New Line Cinema, Savoy Pictures, The Turman-Morrissey Company;Estados Unidos;Ingles
Gwyneth Paltrow;Femenino;Los Ángeles, Estados Unidos;Estadounidense;No aplica;Blanca;Sí; Shout;Mejor actriz;Sí;1999;Shakespeare in Love;1998;ingles;Romance, History, Comedy;Universal Pictures, Miramax, Bedford Falls Productions;Reino Unido, Estados Unidos;Ingles
Cate Blanchett;Femenino;Melbourne, Australia;Australiana;Estadounidense;Blanca;Sí; Paradise Road;Mejor actriz;No;1999;Elizabeth;1998;ingles;Drama, History;PolyGram Filmed Entertainment, Working Title Films, Channel Four Films;Reino Unido, Estados Unidos;Frances, Ingles
Fernanda Montenegro;Femenino;Río de Janeiro, Brasil;Brasileña;No aplica;Blanca;No; A Falecida;Mejor actriz;No;1999;Central Station;1998;portugues;Drama;MACT Productions, Videofilms, Riofilm;Brasil, Francia;Portuguese
Ian McKellen;Masculino;Burnley, Inglaterra;Británica;No aplica;Blanca;Sí; A Touch of Love;Mejor actor;No;1999;Gods and Monsters;1998;ingles;Drama;Flashpoint (I), Lions Gate Films, Showtime Networks;Reino Unido, Estados Unidos;Hungaro, Ingles
Nick Nolte;Masculino;Omaha, Estados Unidos;Estadounidense;No aplica;Blanca;Sí; Return to Macon County;Mejor actor;No;1999;Affliction;1998;ingles;Drama, Crime, Mystery;JVC, Kingsgate Films, Largo Entertainment;Canada, Japon, Estados Unidos;Ingles
Meryl Streep;Femenino;Summit, Estados Unidos;Estadounidense;No aplica;Blanca;Sí; Julia;Mejor actriz;No;1999;One True Thing;1998;ingles;Drama, Romance;Universal Pictures, Monarch Pictures, Ufland;Estados Unidos;Ingles
Emily Watson;Femenino;Islington, Inglaterra;Británica;No aplica;Blanca;Sí; Breaking the Waves;Mejor actriz;No;1999;Hilary and Jackie;1998;ingles;Drama, Music;Oxford Film and Television, Film4 Productions;Reino Unido;Ingles
Roberto Benigni;Masculino;Manciano La Misericordia, Italia;Italiana;No aplica;Blanca;No; Berlinguer ti voglio bene;Mejor actor;Sí;1999;Life Is Beautiful;1998;Italiano;Comedia, Drama, Bélica;Melampo Cinematografica, Cecchi Gori Group;Italia;Italiano, Alemán, Inglés
Kevin Spacey;Masculino;South Orange, Estados Unidos;Estadounidense;No aplica;Blanca;Sí; Heartburn;Mejor actor;Sí;2000;American Beauty;1999;ingles;Drama;Jinks/Cohen Company, DreamWorks Pictures;Estados Unidos;Ingles
Annette Bening;Femenino;Topeka, Estados Unidos;Estadounidense;No aplica;Blanca;Sí; The Great Outdoors;Mejor actriz;No;2000;American Beauty;1999;ingles;Drama;Jinks/Cohen Company, DreamWorks Pictures;Estados Unidos;Ingles
Russell Crowe;Masculino;Wellington, Nueva Zelanda;Neozelandés;No aplica;Blanca;No; Blood Oath;Mejor actor;No;2000;The Insider;1999;ingles;Drama, Thriller;Touchstone Pictures, Forward Pass, Kaitz Productions, Mann/Roth Productions, Spyglass Entertainment;Estados Unidos;Ingles, Arabe, Persa, Japones
Richard Farnsworth;Masculino;Los Ángeles, Estados Unidos;Estadounidense;No aplica;Blanca;Sí; Texas Across the River;Mejor actor;No;2000;The Straight Story;1999;ingles;Drama;Walt Disney Pictures, Asymmetrical Productions, Les Films Alain Sarde, StudioCanal, The Picture Factory, The Straight Story, Inc, Canal+, CiBy 2000, Film4 Productions;Reino Unido, Estados Unidos;Ingles
Denzel Washington;Masculino;Mount Vernon, Estados Unidos;Estadounidense;No aplica;Negra;Sí; Carbon Copy;Mejor actor;No;2000;The Hurricane;1999;ingles;Drama;Universal Pictures, Azoff Entertainment, Beacon Communications, Beacon Pictures, Buena Vista International, Touchstone Pictures;Estados Unidos;Ingles
Hilary Swank;Femenino;Lincoln, Estados Unidos;Estadounidense;No aplica;Blanca;Sí; Buffy the Vampire Slayer;Mejor actriz;Sí;2000;Boys Don't Cry;1999;ingles;Crime, Drama;IFC Films, Fox Searchlight Pictures, The Independent Film Channel Productions, Killer Films, Hart-Sharp Entertainment;Estados Unidos;Ingles
Sean Penn;Masculino;Burbank, Estados Unidos;Estadounidense;No aplica;Blanca;Sí; Taps;Mejor actor;No;2000;Sweet and Lowdown;1999;ingles;Comedy, Drama, Music;Magnolia Productions, Sweetland Films, Jean Doumanian Productions;Estados Unidos;Ingles
Julianne Moore;Femenino;Fort Bragg, Estados Unidos;Estadounidense;Británica;Blanca;Sí; Tales from the Darkside: The Movie;Mejor actriz;No;2000;The End of the Affair;1999;ingles;Romance, Drama;Columbia Pictures;Estados Unidos, Reino Unido;Ingles
Meryl Streep;Femenino;Summit, Estados Unidos;Estadounidense;No aplica;Blanca;Sí; Julia;Mejor actriz;No;2000;Music of the Heart;1999;ingles;Music, Drama;Craven-Maddalena Films, Miramax;Estados Unidos;Ingles, Español
Janet McTeer;Femenino;Newcastle upon Tyne, Inglaterra;Británica;No aplica;Blanca;Sí; Half Moon Street;Mejor actriz;No;2000;Tumbleweeds;1999;ingles;Comedy, Drama;Fine Line Features;Estados Unidos;Ingles
Russell Crowe;Masculino;Wellington, Nueva Zelanda;Neozelandesa;No aplica;Blanca;No; Blood Oath;Mejor actor;Sí;2001;Gladiator;2000;ingles;Action, Drama, Adventure;Universal Pictures, Scott Free Productions, Red Wagon Entertainment, Mill Film, C & L, Dawliz, DreamWorks Pictures;Reino Unido, Estados Unidos;Ingles
Tom Hanks;Masculino;Concord, Estados Unidos;Estadounidense;No aplica;Blanca;Sí; He Knows You're Alone;Mejor actor;No;2001;Cast Away;2000;ingles;Adventure, Drama;Playtone, ImageMovers, 20th Century Fox, DreamWorks Pictures;Estados Unidos;Ruso, Ingles
Ellen Burstyn;Femenino;Detroit, Estados Unidos;Estadounidense;No aplica;Blanca;Sí; For Those Who Think Young;Mejor actriz;No;2001;Requiem for a Dream;2000;ingles;Crime, Drama;Artisan Entertainment, Thousand Words, Protozoa Pictures;Estados Unidos;Ingles
Juliette Binoche;Femenino;París, Francia;Francesa;No aplica;Blanca;No; Liberty belle;Mejor actriz;No;2001;Chocolat;2000;ingles;Comedy, Drama, Romance;Fat Free, Miramax, David Brown Productions;Reino Unido, Estados Unidos;Ingles, Frances
Julia Roberts;Femenino;Smyrna, Estados Unidos;Estadounidense;No aplica;Blanca;Sí; Satisfaction;Mejor actriz;Sí;2001;Erin Brockovich;2000;ingles;Drama;Jersey Films;Estados Unidos;Ingles
Geoffrey Rush;Masculino;Toowoomba, Australia;Australiana;No aplica;Blanca;No; Hoodwink;Mejor actor;No;2001;Quills;2000;ingles;Drama;Charenton Productions, Fox Searchlight Pictures, Industry Entertainment, Walrus & Associates, Hollywood Partners;Alemania, Reino Unido, Estados Unidos;Ingles
Ed Harris;Masculino;Englewood, Estados Unidos;Estadounidense;No aplica;Blanca;Sí; Coma;Mejor actor;No;2001;Pollock;2000;ingles;Drama, Romance;Zeke Productions, Fred Berner Films;Estados Unidos;Ingles
Laura Linney;Femenino;Nueva York, Estados Unidos;Estadounidense;No aplica;Blanca;Sí; Lorenzo's Oil;Mejor actriz;No;2001;You Can Count on Me;2000;ingles;Drama;Crush Entertainment, Hart-Sharp Entertainment, Cappa Productions;Estados Unidos;Ingles
Javier Bardem;Masculino;Las Palmas de Gran Canaria, España;Española;No aplica;Hispana;No; Las edades de Lulú;Mejor actor;No;2001;Before Night Falls;2000;ingles;Drama;El Mar Pictures, Grandview Pictures;Mexico, Estados Unidos;Ingles, Español
Joan Allen;Femenino;Rochelle, Estados Unidos;Estadounidense;No aplica;Blanca;Sí; Compromising Positions;Mejor actriz;No;2001;The Contender;2000;ingles;Drama, Thriller;Cinerenta Medienbeteiligungs KG, Cinecontender Internationale, Battleplan Productions, SE8 Group, DreamWorks Pictures;Alemania, Reino Unido, Estados Unidos;Ingles, Aleman
Russell Crowe;Masculino;Wellington, Nueva Zelanda;Neozelandés;No aplica;Blanca;No; Blood Oath;Mejor actor;No;2002;A Beautiful Mind;2001;ingles;Drama, Romance;Universal Pictures, Imagine Entertainment, DreamWorks Pictures;Estados Unidos;Ingles
Denzel Washington;Masculino;Mount Vernon, Estados Unidos;Estadounidense;No aplica;Negra;Sí; Carbon Copy;Mejor actor;Sí;2002;Training Day;2001;ingles;Action, Crime, Drama;WV Films II, Village Roadshow Pictures, NPV Entertainment, Outlaw Productions, Warner Bros. Pictures;Estados Unidos;Ingles, Ruso, Español, Korean
Renée Zellweger;Femenino;Katy, Estados Unidos;Estadounidense;No aplica;Blanca;Sí; Reality Bites;Mejor actriz;No;2002;Bridget Jones's Diary;2001;ingles;Comedy, Romance, Drama;Working Title Films, Little Bird, Miramax, Universal Pictures;Reino Unido;Ingles
Sean Penn;Masculino;Burbank, Estados Unidos;Estadounidense;No aplica;Blanca;Sí; Taps;Mejor actor;No;2002;I Am Sam;2001;ingles;Drama;New Line Cinema;Estados Unidos;Ingles
Will Smith;Masculino;Filadelfia, Estados Unidos;Estadounidense;No aplica;Negra;Sí; Where the Day Takes You;Mejor actor;No;2002;Ali;2001;ingles;Drama;Columbia Pictures, Initial Entertainment Group, Forward Pass, Moonlighting Films, Overbrook Entertainment, Peters Entertainment;Sudafrica, Estados Unidos;Ingles
Halle Berry;Femenino;Cleveland, Estados Unidos;Estadounidense;No aplica;Multirracial;Sí; Jungle Fever;Mejor actriz;Sí;2002;Monster's Ball;2001;ingles;Drama, Romance;Lions Gate Films, Lee Daniels Entertainment, Lionsgate;Estados Unidos;Ingles
Tom Wilkinson;Masculino;Leeds, Inglaterra;Británica;No aplica;Blanca;No; Smuga cienia;Mejor actor;No;2002;In the Bedroom;2001;ingles;Drama, Thriller;GreeneStreet/SKE Films, Good Machine;Estados Unidos;Serbo-Croatian, Ingles
Sissy Spacek;Femenino;Quitman, Estados Unidos;Estadounidense;No aplica;Blanca;Sí; Prime Cut;Mejor actriz;No;2002;In the Bedroom;2001;ingles;Drama, Thriller;GreeneStreet/SKE Films, Good Machine;Estados Unidos;Serbo-Croatian, Ingles
Judi Dench;Femenino;York, Inglaterra;Británica;No aplica;Blanca;No; The Third Secret;Mejor actriz;No;2002;Iris;2001;ingles;Drama, Romance;Miramax, BBC Film, Intermedia Films, Fox Iris Productions, Mirage Enterprises;Canada, Reino Unido;Ingles
Nicole Kidman;Femenino;Honolulú, Estados Unidos;Estadounidense;Australiana;Blanca;No; Bush Christmas;Mejor actriz;No;2002;Moulin Rouge;2001;Inglés;Drama, Música, Romance;Bazmark Films, 20th Century Fox;Australia, Estados Unidos;Inglés, Francés
Adrien Brody;Masculino;Queens, Estados Unidos;Estadounidense;No aplica;Blanca;Sí; New York Stories;Mejor actor;Sí;2003;The Pianist;2002;ingles;Drama, War;Canal+ Polska, Bac Films, Heritage Films, Studio Babelsberg, Agencja Produkcji Filmowej, FFF Bayern, Filmboard Berlin-Brandenburg (FBB), R.P. Productions, StudioCanal, Canal+, TVP, Runteam, FFA;Francia, Alemania, Polonia, Reino Unido;Ingles, Polaco, Aleman, Ruso
Daniel Day-Lewis;Masculino;Greenwich, Inglaterra;Británica;Irlandesa;Blanca;No; Endless Love;Mejor actor;No;2003;Gangs of New York;2002;ingles;Drama, History, Crime;Miramax, Initial Entertainment Group, Alberto Grimaldi Productions, Touchstone Pictures;Italia, Estados Unidos;Ingles, Irlandes, Latin, Mandarin
Renée Zellweger;Femenino;Katy, Estados Unidos;Estadounidense;No aplica;Blanca;Sí; Reality Bites;Mejor actriz;No;2003;Chicago;2002;ingles;Comedy, Crime, Drama;Miramax, Producers Circle, Storyline Entertainment;Alemania, Canada, Estados Unidos;Hungaro, Ingles
Salma Hayek;Femenino;Coatzacoalcos, México;Mexicana;Estadounidense ;Hispana;Sí; Mi vida loca;Mejor actriz;No;2003;Frida;2002;ingles;Drama, Romance;Miramax, Lions Gate Films, Ventanarosa Productions, Handprint Entertainment;Canada, Mexico, Estados Unidos;Frances, Ingles, Ruso
Nicole Kidman;Femenino;Honolulú, Estados Unidos;Estadounidense;Australiana;Blanca;No; Bush Christmas;Mejor actriz;Sí;2003;The Hours;2002;ingles;Drama;Paramount, Miramax, Scott Rudin Productions;Estados Unidos;Ingles
Diane Lane;Femenino;Nueva York, Estados Unidos;Estadounidense;No aplica;Blanca;Sí; A Little Romance;Mejor actriz;No;2003;Unfaithful;2002;ingles;Thriller, Drama;Unfaithful Filmproduktion GmbH & Co. KG, Fox 2000 Pictures, Regency Enterprises, Epsilon Motion Pictures;Alemania, Suiza, Estados Unidos;Ingles, Frances
Jack Nicholson;Masculino;Neptune City, Estados Unidos;Estadounidense;No aplica;Blanca;Sí; The Cry Baby Killer;Mejor actor;No;2003;About Schmidt;2002;ingles;Drama, Comedy;Avery Pix, New Line Cinema;Estados Unidos;Ingles
Julianne Moore;Femenino;Fort Bragg, Estados Unidos;Estadounidense;Británica;Blanca;Sí; Tales from the Darkside: The Movie;Mejor actriz;No;2003;Far from Heaven;2002;ingles;Drama, Romance;Killer Films, Section Eight, John Wells Productions, Vulcan Productions, USA Films, TF1 International, Clear Blue Sky Productions, Focus Features;Francia, Estados Unidos;Ingles
Michael Caine;Masculino;Rotherhithe, Inglaterra;Británica;No aplica;Blanca;No; A Hill in Korea;Mejor actor;No;2003;The Quiet American;2002;ingles;Romance, Thriller, Drama;Mirage Enterprises, IMF Internationale Medien und Film GmbH & Co. 2. Produktions KG, Giai Phong Film Studio, Saga Pictures, Miramax;Australia, Alemania, Reino Unido, Estados Unidos, Vietnam;Ingles, Frances, Vietnamita
Nicolas Cage;Masculino;Long Beach, Estados Unidos;Estadounidense;No aplica;Blanca;Sí; Fast Times at Ridgemont High;Mejor actor;No;2003;Adaptation;2002;Inglés;Comedia, Drama;Columbia Pictures, Intermedia Films, Beverly Detroit;Estados Unidos;Inglés
Johnny Depp;Masculino;Owensboro, Estados Unidos;Estadounidense;No aplica;Blanca;Sí; A Nightmare on Elm Street;Mejor actor;No;2004;Pirates of the Caribbean: The Curse of the Black Pearl;2003;ingles;Adventure, Fantasy, Action;Walt Disney Pictures, Jerry Bruckheimer Films;Estados Unidos;Ingles
Bill Murray;Masculino;Wilmette, Estados Unidos;Estadounidense;No aplica;Blanca;No; Meatballs;Mejor actor;No;2004;Lost in Translation;2003;ingles;Drama, Romance;American Zoetrope, Focus Features, TFC, Elemental Films;Japon, Reino Unido, Estados Unidos;Japones, Ingles
Sean Penn;Masculino;Burbank, Estados Unidos;Estadounidense;No aplica;Blanca;Sí; Taps;Mejor actor;Sí;2004;Mystic River;2003;ingles;Thriller, Crime, Drama, Mystery;Warner Bros. Pictures, Village Roadshow Pictures, NPV Entertainment, Malpaso Productions;Estados Unidos;Ingles
Naomi Watts;Femenino;Shoreham, Inglaterra;Británica;Australiana;Blanca;No; For Love Alone;Mejor actriz;No;2004;21 Grams;2003;ingles;Drama, Crime, Thriller;This Is That Productions, Y Productions, Mediana Productions Filmgesellschaft, Focus Features;Estados Unidos;Ingles
Charlize Theron;Femenino;Benoni, Sudáfrica;Sudafricana;Estadounidense;Blanca;Sí; 2 Days in the Valley;Mejor actriz;Sí;2004;Monster;2003;ingles;Crime, Drama;Newmarket Films, Media 8 Entertainment, DEJ Productions, K/W Productions, Denver and Delilah Productions, VIP 2 Medienfonds, MDP Worldwide;Estados Unidos;Ingles
Jude Law;Masculino;Lewisham, Inglaterra;Británica;No aplica;Blanca;Sí; Shopping;Mejor actor;No;2004;Cold Mountain;2003;ingles;Drama, War, History, Adventure, Romance;Miramax, Mirage Enterprises, Bona Fide Productions, Castel Film, Cattleya;Estados Unidos, Reino Unido, Romania, Italia;Ingles
Diane Keaton;Femenino;Los Ángeles, Estados Unidos;Estadounidense;No aplica;Blanca;Sí; Lovers and Other Strangers;Mejor actriz;No;2004;Something's Gotta Give;2003;ingles;Drama, Comedy, Romance;Waverly Films, Columbia Pictures, Warner Bros. Pictures;Estados Unidos;Frances, Ingles
Ben Kingsley;Masculino;Scarborough, Inglaterra;Británica;No aplica;Multirracial;No; Fear Is the Key;Mejor actor;No;2004;House of Sand and Fog;2003;ingles;Drama;Bisgrove Entertainment, Cobalt Media Group, DreamWorks Pictures;Estados Unidos;Ingles, Italiano, Persa
Keisha Castle-Hughes;Femenino;Donnybrook, Australia;Australiana;Neozelandesa;Multirracial;No; Whale Rider;Mejor actriz;No;2004;Whale Rider;2003;ingles;Drama, Family;South Pacific Pictures, Pandora Film, ApolloMedia;Alemania, Nueva Zelanda;Ingles, Maori
Samantha Morton;Femenino;Nottingham, Inglaterra;Británica;No aplica;Blanca;No; Under the Skin;Mejor actriz;No;2004;In America;2003;ingles;Drama;East of Harlem (UK) Ltd, Hell's Kitchen Films, Irish Film Industry;Irlanda, Estados Unidos;Irlandes, Ingles, Español
Kate Winslet;Femenino;Reading, Inglaterra;Británica;No aplica;Blanca;No; Heavenly Creatures;Mejor actriz;No;2005;Eternal Sunshine of the Spotless Mind;2004;ingles;Science Fiction, Drama, Romance;Focus Features, Anonymous Content, This Is That Productions;Estados Unidos;Ingles
Clint Eastwood;Masculino;San Francisco, Estados Unidos;Estadounidense;No aplica;Blanca;Sí; Francis in the Navy;Mejor actor;No;2005;Million Dollar Baby;2004;ingles;Drama;Lakeshore Entertainment, Malpaso Productions, Epsilon Motion Pictures, Albert S. Ruddy Productions, Warner Bros. Pictures;Suiza, Estados Unidos;Irlandes, Ingles
Hilary Swank;Femenino;Lincoln, Estados Unidos;Estadounidense;No aplica;Blanca;Sí; Buffy the Vampire Slayer;Mejor actriz;Sí;2005;Million Dollar Baby;2004;ingles;Drama;Lakeshore Entertainment, Malpaso Productions, Epsilon Motion Pictures, Albert S. Ruddy Productions, Warner Bros. Pictures;Suiza, Estados Unidos;Irlandes, Ingles
Leonardo DiCaprio;Masculino;Hollywood, Estados Unidos;Estadounidense;No aplica;Blanca;Sí; Critters 3: You Are What They Eat;Mejor actor;No;2005;The Aviator;2004;ingles;Drama;Miramax, Appian Way, Forward Pass, Cappa Productions, Initial Entertainment Group, IMF Internationale Medien und Film GmbH & Co. 3. Produktions KG, Warner Bros. Pictures;Alemania, Estados Unidos;Ingles
Johnny Depp;Masculino;Owensboro, Estados Unidos;Estadounidense;No aplica;Blanca;Sí; A Nightmare on Elm Street;Mejor actor;No;2005;Finding Neverland;2004;ingles;Drama;Miramax, FilmColony;Reino Unido, Estados Unidos;Ingles
Don Cheadle;Masculino;Kansas City, Estados Unidos;Estadounidense;No aplica;Negra;Sí; Moving Violations;Mejor actor;No;2005;Hotel Rwanda;2004;ingles;Drama, History, War;Sixth Sense Productions, United Artists, Lions Gate Films, Miracle Pictures, Inside Track Films, Mikado Film, Endgame Entertainment;Italia, Sudafrica, Reino Unido, Estados Unidos;Ingles, Frances
Jamie Foxx;Masculino;Terrell, Estados Unidos;Estadounidense;No aplica;Negra;Sí; Toys;Mejor actor;Sí;2005;Ray;2004;ingles;Drama, Music;Bristol Bay Productions, Universal Pictures, Anvil Films, Baldwin Entertainment Group;Estados Unidos;Ingles
Catalina Sandino Moreno;Femenino;Bogotá, Colombia;Colombiana;No aplica;Hispana;Sí;  Maria Full of Grace;Mejor actriz;No;2005;Maria Full of Grace;2004;espanol;Drama, Thriller, Crime;Journeyman Pictures, Fine Line Features, HBO Films;Ecuador, Colombia, Estados Unidos;Ingles, Español
Imelda Staunton;Femenino;Archway, Inglaterra;Británica;No aplica;Blanca;No; Comrades;Mejor actriz;No;2005;Vera Drake;2004;ingles;Drama;Les Films Alain Sarde, UK Film Council, Thin Man Films, Inside Track Productions, Ingenious Media;Reino Unido, Francia;Ingles
Annette Bening;Femenino;Topeka, Estados Unidos;Estadounidense;No aplica;Blanca;Sí; The Great Outdoors;Mejor actriz;No;2005;Being Julia;2004;ingles;Comedy, Drama, Romance;Serendipity Point Films;;Ingles
Keira Knightley;Femenino;Teddington, Inglaterra;Británica;No aplica;Blanca;No;  Innocent Lies;Mejor actriz;No;2006;Pride & Prejudice;2005;ingles;Drama, Romance;Focus Features, Universal Pictures, StudioCanal, Working Title Films, Scion Films;Francia, Reino Unido, Estados Unidos;Ingles
Heath Ledger;Masculino;Perth, Australia;Australiana;No aplica;Blanca;No; Blackrock;Mejor actor;No;2006;Brokeback Mountain;2005;ingles;Drama, Romance;Focus Features, River Road Entertainment, Alberta Film Entertainment;Canada, Estados Unidos;Ingles
Joaquin Phoenix;Masculino;San Juan, Puerto Rico;Estadounidense;No aplica;Blanca;Sí; SpaceCamp;Mejor actor;No;2006;Walk the Line;2005;ingles;Drama, Music, Romance;Mars Media Beteiligungs, Tree Line Films, Konrad Pictures, Catfish Productions, Fox 2000 Pictures;Alemania, Estados Unidos;Ingles, Ruso
Reese Witherspoon;Femenino;Nueva Orleans, Estados Unidos;Estadounidense;No aplica;Blanca;Sí; The Man in the Moon;Mejor actriz;Sí;2006;Walk the Line;2005;ingles;Drama, Music, Romance;Mars Media Beteiligungs, Tree Line Films, Konrad Pictures, Catfish Productions, Fox 2000 Pictures;Alemania, Estados Unidos;Ingles, Ruso
Philip Seymour Hoffman;Masculino;Fairport, Estados Unidos;Estadounidense;No aplica;Blanca;Sí; Triple Bogey on a Par Five Hole;Mejor actor;Sí;2006;Capote;2005;ingles;Crime, Drama;Cooper's Town Productions, Infinity Media, A-Line Pictures, Eagle Vision;Canada, Estados Unidos;Ingles
David Strathairn;Masculino;San Francisco, Estados Unidos;Estadounidense;No aplica;Blanca;Sí; Return of the Secaucus Seven;Mejor actor;No;2006;Good Night, and Good Luck.;2005;ingles;Drama, History;Warner Independent Pictures (WIP), 2929 Productions, Redbus Pictures, TFC, Participant, Section Eight, Davis Films, Metropolitan Talent Agency;Estados Unidos, Francia, Japon, Reino Unido;Ingles
Charlize Theron;Femenino;Benoni, Sudáfrica;Sudafricana;Estadounidense;Blanca;Sí; 2 Days in the Valley;Mejor actriz;No;2006;North Country;2005;ingles;Drama;Participant, Nick Wechsler Productions, Industry Entertainment;Estados Unidos;Ingles
Felicity Huffman;Femenino;Bedford, Estados Unidos;Estadounidense;No aplica;Blanca;Sí; Things Change;Mejor actriz;No;2006;Transamerica;2005;ingles;Drama;Belladonna Productions;Estados Unidos;Español, Ingles
Terrence Howard;Masculino;Chicago, Estados Unidos;Estadounidense;No aplica;Negra;Sí; Who's the Man?;Mejor actor;No;2006;Hustle & Flow;2005;ingles;Crime, Drama, Music;MTV Films;Estados Unidos;Ingles
Judi Dench;Femenino;York, Inglaterra;Británica;No aplica;Blanca;No; The Third Secret;Mejor actriz;No;2006;Mrs. Henderson Presents;2005;ingles;Comedy, Drama;Pathé Pictures, BBC Film, Future Films;Reino Unido;Ingles
Meryl Streep;Femenino;Summit, Estados Unidos;Estadounidense;No aplica;Blanca;Sí; Julia;Mejor actriz;No;2007;The Devil Wears Prada;2006;ingles;Comedy, Drama, Romance;Fox 2000 Pictures, Dune Entertainment, Major Studio Partners, Peninsula Films, 20th Century Fox;Francia, Estados Unidos;Ingles, Frances
Will Smith;Masculino;Filadelfia, Estados Unidos;Estadounidense;No aplica;Negra;Sí; Where the Day Takes You;Mejor actor;No;2007;The Pursuit of Happyness;2006;ingles;Drama;Escape Artists, Relativity Media, Columbia Pictures, Overbrook Entertainment;Estados Unidos;Ingles, Cantones
Leonardo DiCaprio;Masculino;Hollywood, Estados Unidos;Estadounidense;No aplica;Blanca;Sí; Critters 3: You Are What They Eat;Mejor actor;No;2007;Blood Diamond;2006;ingles;Drama, Thriller, Action;Virtual Studios, Spring Creek Productions, Bedford Falls Productions, Initial Entertainment Group, Lonely Film Productions GmbH & Co. KG., Warner Bros. Pictures, Liberty Pictures;Alemania, Estados Unidos;Afrikaans, Ingles
Forest Whitaker;Masculino;Longview, Estados Unidos;Estadounidense;No aplica;Negra;Sí; Tag: The Assassination Game;Mejor actor;Sí;2007;The Last King of Scotland;2006;ingles;Drama;Fox Searchlight Pictures, Cowboy Films, DNA Films, Scottish Screen, UK Film Council, Film4 Productions, Slate Films, Tatfilm;Estados Unidos, Reino Unido;Ingles, Frances, Aleman, Swahili
Penélope Cruz;Femenino;Alcobendas, España;Española;No aplica;Hispana;No; Jamón Jamón;Mejor actriz;No;2007;Volver;2006;espanol;Comedy, Drama, Romance;El Deseo, Canal+ España, Ministerio de Cultura España, TVE, Warner Bros. Entertainment España, Sony Pictures Classics, Focus Features;Espana, Estados Unidos;Español
Helen Mirren;Femenino;Chiswick, Inglaterra;Británica;Estadounidense;Blanca;No; Herostratus;Mejor actriz;Sí;2007;The Queen;2006;ingles;Drama, History;Granada Productions, Pathé Renn Productions, BIM Distribuzione;Francia, Italia, Reino Unido;Aleman, Ingles, Frances
Kate Winslet;Femenino;Reading, Inglaterra;Británica;No aplica;Blanca;No; Heavenly Creatures;Mejor actriz;No;2007;Little Children;2006;ingles;Drama, Romance;New Line Cinema, Standard Film Company, Bona Fide Productions;Estados Unidos;Ingles
Judi Dench;Femenino;York, Inglaterra;Británica;No aplica;Blanca;No; The Third Secret;Mejor actriz;No;2007;Notes on a Scandal;2006;ingles;Drama, Romance;Fox Searchlight Pictures, DNA Films, UK Film Council, BBC Film, Scott Rudin Productions, Ingenious Media;Estados Unidos, Reino Unido;Ingles, Frances
Ryan Gosling;Masculino;Londres, Canadá;Canadiense;No aplica;Blanca;No; Frankenstein and Me;Mejor actor;No;2007;Half Nelson;2006;ingles;Drama;Hunting Lane Films, Journeyman Pictures, Original Media, Silverwood Films, Traction Media;Estados Unidos;Ingles
Peter O'Toole;Masculino;Leeds, Inglaterra;Británica;Irlandesa;Blanca;Sí; Kidnapped;Mejor actor;No;2007;Venus;2006;ingles;Comedy, Drama, Romance;Miramax, Film4 Productions;Reino Unido;Ingles
Elliot Page;Masculino;Halifax, Canadá;Canadiense;No aplica;Blanca;No; Marion Bridge;Mejor actriz;No;2008;Juno;2007;ingles;Comedy, Drama, Romance;Mandate Pictures, Mr. Mudd Production, Mandate International;Estados Unidos;Ingles
Daniel Day-Lewis;Masculino;Greenwich, Inglaterra;Británica;Irlandesa;Blanca;No; Endless Love;Mejor actor;Sí;2008;There Will Be Blood;2007;ingles;Drama;Paramount Vantage, Miramax, Ghoulardi Film Company;Estados Unidos;Ingles
Viggo Mortensen;Masculino;Manhattan, Estados Unidos;Estadounidense;Danesa;Blanca;Sí;  Witness;Mejor actor;No;2008;Eastern Promises;2007;ingles;Thriller, Crime, Mystery;Focus Features, BBC Film, Astral Media, Corus Entertainment, Téléfilm Canada, Serendipity Point Films, Scion Films, Shine Pictures, Kudos, Eastern Promises Film Productions, Eastern Promises Films Limited, The Movie Network, Movie Central, Super Écran;Canada, Reino Unido, Estados Unidos;Ingles, Ruso, Turco, Ucraniano, Urdu
George Clooney;Masculino;Lexington, Estados Unidos;Estadounidense;Francesa;Blanca;Sí; And They Are Off;Mejor actor;No;2008;Michael Clayton;2007;ingles;Drama, Thriller, Mystery, Crime;Castle Rock Entertainment, Mirage Enterprises, Section Eight, Samuels Media;Estados Unidos;Ingles
Marion Cotillard;Femenino;París, Francia;Francesa;No aplica;Blanca;No; L'histoire du garçon qui voulait qu'on l'embrasse;Mejor actriz;Sí;2008;La Vie en Rose;2007;frances;Music, Drama;TF1 International, Légende Films, Okko Production, Songbird Pictures, TF1 Films Production;Czech Republic, Francia, Reino Unido;Frances
Cate Blanchett;Femenino;Melbourne, Australia;Australiana;Estadounidense;Blanca;Sí; Paradise Road;Mejor actriz;No;2008;Elizabeth: The Golden Age;2007;ingles;Drama, History, Romance;Universal Pictures, StudioCanal, Working Title Films;Francia, Estados Unidos, Reino Unido;Sueco, Ingles, Español
Tommy Lee Jones;Masculino;San Saba, Estados Unidos;Estadounidense;No aplica;Blanca;Sí; Love Story;Mejor actor;No;2008;In the Valley of Elah;2007;ingles;History, Drama, Thriller, Crime, Mystery;Warner Independent Pictures (WIP), NALA Films, Summit Entertainment, Samuels Media, Blackfriars Bridge Films;Estados Unidos;Ingles
Laura Linney;Femenino;Nueva York, Estados Unidos;Estadounidense;No aplica;Blanca;Sí; Lorenzo's Oil;Mejor actriz;No;2008;The Savages;2007;ingles;Drama;Fox Searchlight Pictures, Ad Hominem Enterprises, Lone Star Film Group, This Is That Productions, Savage Productions;Estados Unidos;Ingles
Julie Christie;Femenino;Chabua, India;Británica;No aplica;Blanca;No; Crooks Anonymous;Mejor actriz;No;2008;Away from Her;2007;ingles;Drama, Romance;Foundry Films, Capri Releasing, HanWay Films, Echo Lake Entertainment, Téléfilm Canada, The Movie Network, Super Écran, Astral Media, OMDC, Movie Central, Corus Entertainment, CBC, Hollydan Works, Pulling Focus Pictures, The Film Farm;Canada, Estados Unidos, Reino Unido;Ingles
Johnny Depp;Masculino;Owensboro, Estados Unidos;Estadounidense;No aplica;Blanca;Sí; A Nightmare on Elm Street;Mejor actor;No;2008;Sweeney Todd The Demon Barber of Fleet Street;2007;Inglés;Drama, Terror, Música, Suspense;DreamWorks Pictures, Warner Bros. Pictures, The Zanuck Company, Parkes/MacDonald Productions;Estados Unidos, Reino Unido;Inglés
Brad Pitt;Masculino;Shawnee, Estados Unidos;Estadounidense;No aplica;Blanca;Sí; Cutting Class;Mejor actor;No;2009;The Curious Case of Benjamin Button;2008;ingles;Drama, Fantasy, Romance;Paramount, Warner Bros. Pictures, The Kennedy/Marshall Company;Estados Unidos;Ingles
Angelina Jolie;Femenino;Los Ángeles, Estados Unidos;Estadounidense;No aplica;Blanca;Sí; Lookin' to Get Out;Mejor actriz;No;2009;Changeling;2008;ingles;Crime, Drama, Mystery;Imagine Entertainment, Malpaso Productions, Relativity Media, Universal Pictures;Estados Unidos;Ingles
Mickey Rourke;Masculino;Schenectady, Estados Unidos;Estadounidense;No aplica;Blanca;Sí;1941;Mejor actor;No;2009;The Wrestler;2008;ingles;Drama, Romance;Wild Bunch, Top Rope, Saturn Films, Protozoa Pictures;Estados Unidos, Francia;Ingles
Kate Winslet;Femenino;Reading, Inglaterra;Británica;No aplica;Blanca;No; Heavenly Creatures;Mejor actriz;Sí;2009;The Reader;2008;ingles;Drama, Romance;The Weinstein Company, Filmstiftung Nordrhein-Westfalen, Mirage Enterprises, Mitteldeutsche Medienförderung (MDM), Studio Babelsberg, FFA, Deutscher Filmförderfonds, Medienboard Berlin-Brandenburg, ARD;Alemania, Estados Unidos;Ingles, Aleman, Griego, Latin
Sean Penn;Masculino;Burbank, Estados Unidos;Estadounidense;No aplica;Blanca;Sí; Taps;Mejor actor;Sí;2009;Milk;2008;ingles;History, Drama;Groundswell Productions, Jinks/Cohen Company, Focus Features;Estados Unidos;Ingles
Meryl Streep;Femenino;Summit, Estados Unidos;Estadounidense;No aplica;Blanca;Sí; Julia;Mejor actriz;No;2009;Doubt;2008;ingles;Drama;Scott Rudin Productions, Goodspeed Productions;Estados Unidos;Ingles
Frank Langella;Masculino;Bayonne, Estados Unidos;Estadounidense;No aplica;Blanca;Sí; Diary of a Mad Housewife;Mejor actor;No;2009;Frost/Nixon;2008;ingles;Drama, History;Universal Pictures, Imagine Entertainment, Working Title Films, StudioCanal, Relativity Media;Francia, Reino Unido, Estados Unidos;Español, Ingles
Anne Hathaway;Femenino;Brooklyn, Estados Unidos;Estadounidense;No aplica;Blanca;Sí; The Princess Diaries;Mejor actriz;No;2009;Rachel Getting Married;2008;ingles;Drama, Romance;Clinica Estetico;Estados Unidos;Ingles
Melissa Leo;Femenino;Nueva York, Estados Unidos;Estadounidense;No aplica;Blanca;Sí; Streetwalkin';Mejor actriz;No;2009;Frozen River;2008;ingles;Drama;Harwood Hunt Productions, Cohen Media Group;Estados Unidos;Ingles, Frances, Urdu, Mandarin
Richard Jenkins;Masculino;DeKalb, Estados Unidos;Estadounidense;No aplica;Blanca;Sí; The Little Sister;Mejor actor;No;2009;The Visitor;2008;fines;Drama;BlueLight, Exitfilm, Helsinki-filmi, Propeller Film;Estonia, Finland, Alemania, Reino Unido;Finnish
Sandra Bullock;Femenino;Arlington, Estados Unidos;Estadounidense;Alemana;Blanca;Sí; Hangmen;Mejor actriz;Sí;2010;The Blind Side;2009;ingles;Drama;Warner Bros. Pictures, Alcon Entertainment;Estados Unidos;Ingles
Morgan Freeman;Masculino;Memphis, Estados Unidos;Estadounidense;No aplica;Negra;Sí; Who Says I Can't Ride a Rainbow!;Mejor actor;No;2010;Invictus;2009;ingles;Drama, History;Warner Bros. Pictures, Spyglass Entertainment, Revelations Entertainment, Malpaso Productions, Liberty Pictures;Estados Unidos;Ingles
George Clooney;Masculino;Lexington, Estados Unidos;Estadounidense;Francesa;Blanca;Sí; And They Are Off;Mejor actor;No;2010;Up in the Air;2009;ingles;Drama, Romance;Right of Way Films, Paramount, Cold Spring Pictures, Rickshaw Productions, The Montecito Picture Company, DW Studios;Estados Unidos;Ingles
Meryl Streep;Femenino;Summit, Estados Unidos;Estadounidense;No aplica;Blanca;Sí; Julia;Mejor actriz;No;2010;Julie & Julia;2009;ingles;Romance, Drama;Columbia Pictures, Easy There Tiger Productions, Scott Rudin Productions;Estados Unidos;Ingles, Frances
Colin Firth;Masculino;Grayshott, Inglaterra;Británica;Italiana;Blanca;No; Another Country;Mejor actor;No;2010;A Single Man;2009;ingles;Drama, Romance;Fade to Black Productions, Depth of Field, Artina Films;Estados Unidos;Español, Ingles
Carey Mulligan;Femenino;Westminster, Inglaterra;Británica;No aplica;Blanca;Sí; Pride & Prejudice;Mejor actriz;No;2010;An Education;2009;ingles;Drama, Romance;BBC Film, Wildgaze Films, Endgame Entertainment;Reino Unido;Ingles
Jeff Bridges;Masculino;Los Ángeles, Estados Unidos;Estadounidense;No aplica;Blanca;Sí; Halls of Anger;Mejor actor;Sí;2010;Crazy Heart;2009;ingles;Drama, Music, Romance;Fox Searchlight Pictures, Informant Media, Butcher's Run Films;Estados Unidos;Ingles, Español
Helen Mirren;Femenino;Chiswick, Inglaterra;Británica;Estadounidense;Blanca;No; Herostratus;Mejor actriz;No;2010;The Last Station;2009;ingles;Drama, Romance;Zephyr Films, Egoli Tossell Film;Alemania, Russia, Reino Unido;Ingles
Jeremy Renner;Masculino;Modesto, Estados Unidos;Estadounidense;No aplica;Blanca;Sí; Senior Trip;Mejor actor;No;2010;The Hurt Locker;2009;Inglés;Drama, Suspense, Bélica;Voltage Pictures, Grosvenor Park Media, Kingsgate Films, First Light Production;Estados Unidos;Inglés, Árabe
Gabourey Sidibe;Femenino;Brooklyn, Estados Unidos;Estadounidense;No aplica;Negra;Sí; Precious;Mejor actriz;No;2010;Precious: Based on the Novel 'Push' by Sapphire;2009;Inglés;Drama;Lee Daniels Entertainment, Smokewood Entertainment Group, Harpo Films;Estados Unidos;Inglés
Natalie Portman;Femenino;Jerusalén, Israel;Israelí;Estadounidense ;Blanca;Sí; Léon;Mejor actriz;Sí;2011;Black Swan;2010;ingles;Drama, Thriller, Horror;Fox Searchlight Pictures, Cross Creek Pictures, Protozoa Pictures, Phoenix Pictures;Estados Unidos;Ingles, Frances, Italiano
Jesse Eisenberg;Masculino;Queens, Estados Unidos;Estadounidense;Polaca;Blanca;Sí; Roger Dodger;Mejor actor;No;2011;The Social Network;2010;ingles;Drama;Columbia Pictures, Relativity Media, Scott Rudin Productions, Michael De Luca Productions, Trigger Street Productions;Estados Unidos;Ingles
Colin Firth;Masculino;Grayshott, Inglaterra;Británica;Italiana;Blanca;No; Another Country;Mejor actor;Sí;2011;The King's Speech;2010;ingles;Drama, History;The Weinstein Company, UK Film Council, Momentum Pictures, Aegis Film Fund, Molinare Investment, FilmNation Entertainment, See-Saw Films, Bedlam Productions;Reino Unido, Estados Unidos;Ingles
James Franco;Masculino;Palo Alto, Estados Unidos;Estadounidense;No aplica;Blanca;Sí; Never Been Kissed;Mejor actor;No;2011;127 Hours;2010;ingles;Adventure, Drama, Thriller;Fox Searchlight Pictures, Pathé, Everest Entertainment, HandMade Films, Film4 Productions, Cloud Eight Films, Dune Entertainment;Francia, Reino Unido, Estados Unidos;Ingles
Jeff Bridges;Masculino;Los Ángeles, Estados Unidos;Estadounidense;No aplica;Blanca;Sí; Halls of Anger;Mejor actor;No;2011;True Grit;2010;ingles;Drama, Adventure, Western;Paramount, Scott Rudin Productions, Mike Zoss Productions, Skydance;Estados Unidos;Ingles
Michelle Williams;Femenino;Kalispell, Estados Unidos;Estadounidense;No aplica;Blanca;Sí; Lassie;Mejor actriz;No;2011;Blue Valentine;2010;ingles;Drama, Romance;Cottage Industries, Incentive Filmed Entertainment, Silverwood Films, Hunting Lane Films, Chrysler Corporation, Shade Pictures, Motel Movies;Estados Unidos;Ingles
Jennifer Lawrence;Femenino;Louisville, Estados Unidos;Estadounidense;No aplica;Blanca;Sí; Garden Party;Mejor actriz;No;2011;Winter's Bone;2010;ingles;Drama, Mystery;Anonymous Content, Winter's Bone Productions, Fortissimo Films;Netherlands, Estados Unidos;Ingles
Annette Bening;Femenino;Topeka, Estados Unidos;Estadounidense;No aplica;Blanca;Sí; The Great Outdoors;Mejor actriz;No;2011;The Kids Are All Right;2010;ingles;Comedy, Drama;Focus Features, Mandalay Vision, 10th Hole Productions, Gilbert Films, Saint Aire Production, Artist International, Antidote Films, Artist International Management;Estados Unidos;Ingles
Javier Bardem;Masculino;Las Palmas de Gran Canaria, España;Española;No aplica;Hispana;No; Las edades de Lulú;Mejor actor;No;2011;Biutiful;2010;espanol;Drama;Menageatroz, Mod Producciones, Focus Features, Ikiru Films, TV3, TVE, LD Entertainment, Roadside Attractions, Cha Cha Cha;Mexico, Espana, Estados Unidos;Cantones, Mandarin, Español, Wolof
Nicole Kidman;Femenino;Honolulú, Estados Unidos;Estadounidense;Australiana;Blanca;No; Bush Christmas;Mejor actriz;No;2011;Rabbit Hole;2010;ingles;Drama;Olympus Pictures, OddLot Entertainment, Blossom Films;Estados Unidos;Ingles
Viola Davis;Femenino;Saint Matthews, Estados Unidos;Estadounidense;No aplica;Negra;Sí; The Substance of Fire;Mejor actriz;No;2012;The Help;2011;ingles;Drama;1492 Pictures, Harbinger Pictures, Touchstone Pictures;Estados Unidos;Ingles
Rooney Mara;Femenino;Bedford, Estados Unidos;Estadounidense;No aplica;Blanca;Sí;  Urban Legends: Bloody Mary;Mejor actriz;No;2012;The Girl with the Dragon Tattoo;2011;ingles;Thriller, Crime, Mystery;Ground Control, Columbia Pictures, Scott Rudin Productions, Film Rites, Metro-Goldwyn-Mayer, Yellow Bird;Estados Unidos, Noruega, Suecia;Ingles, Frances
Brad Pitt;Masculino;Shawnee, Estados Unidos;Estadounidense;No aplica;Blanca;Sí; Cutting Class;Mejor actor;No;2012;Moneyball;2011;ingles;Drama;Columbia Pictures, Scott Rudin Productions, Michael De Luca Productions, Sidney Kimmel Entertainment, Specialty Films;Estados Unidos;Ingles
Jean Dujardin;Masculino;Rueil-Malmaison, Francia;Francesa;No aplica;Blanca;No; Ah! Si j'étais riche;Mejor actor;Sí;2012;The Artist;2011;frances;Drama, Comedy, Romance;uFilm, La Petite Reine, Studio 37, La Classe américaine, JD Prod, France 3 Cinéma, Jouror Productions;Belgica, Francia;Sin Lenguaje
George Clooney;Masculino;Lexington, Estados Unidos;Estadounidense;Francesa;Blanca;Sí; And They Are Off;Mejor actor;No;2012;The Descendants;2011;ingles;Comedy, Drama;Dune Entertainment, Fox Searchlight Pictures, Ad Hominem Enterprises;Estados Unidos;Ingles
Gary Oldman;Masculino;New Cross, Inglaterra;Británica;No aplica;Blanca;No; Remembrance;Mejor actor;No;2012;Tinker Tailor Soldier Spy;2011;ingles;Drama, Thriller, Mystery;StudioCanal, Kinowelt Filmproduktion, CinéCinéma, Working Title Films, Karla Films, Canal+, Focus Features, TTSS, AZ Celtic Films;Francia, Alemania, Turquia, Reino Unido, Estados Unidos;Ingles, Frances, Hungaro, Ruso, Turco
Meryl Streep;Femenino;Summit, Estados Unidos;Estadounidense;No aplica;Blanca;Sí; Julia;Mejor actriz;Sí;2012;The Iron Lady;2011;ingles;History, Drama;UK Film Council, DJ Films, CinéCinéma, Pathé, Yuk Films, Film4 Productions, Canal+, Goldcrest;Francia, Reino Unido;Ingles
Michelle Williams;Femenino;Kalispell, Estados Unidos;Estadounidense;No aplica;Blanca;Sí; Lassie;Mejor actriz;No;2012;My Week with Marilyn;2011;ingles;Drama, Romance;The Weinstein Company, BBC Film, Trademark Films, Lipsync Productions;Reino Unido, Estados Unidos;Ingles, Frances
Glenn Close;Femenino;Greenwich, Estados Unidos;Estadounidense;No aplica;Blanca;Sí; The World According to Garp;Mejor actriz;No;2012;Albert Nobbs;2011;ingles;Drama;Mockingbird Pictures, Trillium Productions, Parallel Film Productions, Morrison Films, WestEnd Films, DragonCove Studios, Chrysalis Films, Allen & Associates, Canal+, Fís Éireann/Screen Ireland;Estados Unidos, Francia, Irlanda, Reino Unido;Ingles
Demián Bichir;Masculino;Ciudad de México, México;Mexicana;No aplica;Hispana;No; Astucia;Mejor actor;No;2012;A Better Life;2011;ingles;Drama;McLaughlin Films, Depth of Field, Summit Entertainment, Lime Orchard Productions, Witt/Thomas Productions;Estados Unidos;Ingles, Español
Bradley Cooper;Masculino;Filadelfia, Estados Unidos;Estadounidense;No aplica;Blanca;Sí; Wet Hot American Summer;Mejor actor;No;2013;Silver Linings Playbook;2012;ingles;Drama, Comedy, Romance;The Weinstein Company;Estados Unidos;Ingles
Jennifer Lawrence;Femenino;Louisville, Estados Unidos;Estadounidense;No aplica;Blanca;Sí; Garden Party;Mejor actriz;Sí;2013;Silver Linings Playbook;2012;ingles;Drama, Comedy, Romance;The Weinstein Company;Estados Unidos;Ingles
Naomi Watts;Femenino;Shoreham, Inglaterra;Británica;Australiana;Blanca;No; For Love Alone;Mejor actriz;No;2013;The Impossible;2012;ingles;Adventure, Drama, Thriller;Summit Entertainment, Apaches Entertainment, Canal+ España, ICAA, IVAC, Mediaset España, La Trini, Generalitat Valenciana, Telecinco Cinema, VS Service, Lionsgate;Espana, Estados Unidos;Ingles, Sueco, Tailandes
Denzel Washington;Masculino;Mount Vernon, Estados Unidos;Estadounidense;No aplica;Negra;Sí; Carbon Copy;Mejor actor;No;2013;Flight;2012;ingles;Drama;Paramount, ImageMovers, Parkes-MacDonald Productions;Estados Unidos;Ingles
Hugh Jackman;Masculino;Sídney, Australia;Australiana;Británica;Blanca;No; Paperback Hero;Mejor actor;No;2013;Les Misérables;2012;ingles;History, Drama;Universal Pictures, Working Title Films, Cameron Mackintosh Ltd., Relativity Media;Reino Unido, Estados Unidos;Ingles
Jessica Chastain;Femenino;Condado de Sonoma, Estados Unidos;Estadounidense;No aplica;Blanca;Sí; Jolene;Mejor actriz;No;2013;Zero Dark Thirty;2012;ingles;Thriller, Drama, History;Columbia Pictures, Annapurna Pictures, First Light;Estados Unidos;Ingles, Arabe
Daniel Day-Lewis;Masculino;Greenwich, Inglaterra;Británica;Irlandesa;Blanca;No; Endless Love;Mejor actor;Sí;2013;Lincoln;2012;ingles;History, Drama;DreamWorks Pictures, Amblin Entertainment, Dune Entertainment, The Kennedy/Marshall Company, Participant, Reliance Entertainment, 20th Century Fox;India, Estados Unidos;Ingles
Joaquin Phoenix;Masculino;San Juan, Puerto Rico;Estadounidense;No aplica;Blanca;Sí; SpaceCamp;Mejor actor;No;2013;The Master;2012;ingles;Drama;Annapurna Pictures, The Weinstein Company, Ghoulardi Film Company;Estados Unidos;Ingles
Emmanuelle Riva;Femenino;Cheniménil, Francia;Francesa;No aplica;Blanca;No; Hiroshima mon amour;Mejor actriz;No;2013;Amour;2012;frances;Drama, Romance;wega film vienna, Les Films du Losange, X Filme Creative Pool;Francia, Austria, Alemania;Frances
Quvenzhané Wallis;Femenino;Houma, Estados Unidos;Estadounidense;No aplica;Negra;Sí; Beasts of the Southern Wild;Mejor actriz;No;2013;Beasts of the Southern Wild;2012;ingles;Drama, Fantasy;Cinereach, Court 13 Pictures, Journeyman Pictures, Department of Motion Pictures, Fox Searchlight Pictures;Estados Unidos;Ingles
Leonardo DiCaprio;Masculino;Hollywood, Estados Unidos;Estadounidense;No aplica;Blanca;Sí; Critters 3: You Are What They Eat;Mejor actor;No;2014;The Wolf of Wall Street;2013;ingles;Crime, Drama, Comedy;EMJAG Productions, Red Granite Pictures, Appian Way, Sikelia Productions;Estados Unidos;Ingles, Frances
Sandra Bullock;Femenino;Arlington, Estados Unidos;Estadounidense;Alemana;Blanca;Sí; Hangmen;Mejor actriz;No;2014;Gravity;2013;ingles;Science Fiction, Thriller, Drama;Esperanto Filmoj, Warner Bros. Pictures, Heyday Films;Reino Unido, Estados Unidos;Ingles
Chiwetel Ejiofor;Masculino;Forest Gate, Inglaterra;Británica;No aplica;Negra;Sí; Amistad;Mejor actor;No;2014;12 Years a Slave;2013;ingles;Drama, History;New Regency Pictures, Plan B Entertainment, River Road Entertainment, Regency Enterprises, Film4 Productions;Estados Unidos, Reino Unido;Ingles
Matthew McConaughey;Masculino;Uvalde, Estados Unidos;Estadounidense;No aplica;Blanca;Sí; Dazed and Confused;Mejor actor;Sí;2014;Dallas Buyers Club;2013;ingles;Drama, History;Truth Entertainment, Voltage Pictures, CE, Evolution Independent, R² Films, Rainmaker Films, Focus Features;Estados Unidos;Ingles, Japones
Christian Bale;Masculino;Haverfordwest, Pembrokeshire, Gales, Reino Unido;Británica;Estadounidense;Blanca;No; Mio min Mio;Mejor actor;No;2014;American Hustle;2013;ingles;Drama, Crime;Annapurna Pictures, Atlas Entertainment, Columbia Pictures;Estados Unidos;Ingles
Amy Adams;Femenino;Vicenza, Italia;Estadounidense;No aplica;Blanca;Sí; Drop Dead Gorgeous;Mejor actriz;No;2014;American Hustle;2013;ingles;Drama, Crime;Annapurna Pictures, Atlas Entertainment, Columbia Pictures;Estados Unidos;Ingles
Cate Blanchett;Femenino;Melbourne, Australia;Australiana;Estadounidense;Blanca;Sí; Paradise Road;Mejor actriz;Sí;2014;Blue Jasmine;2013;ingles;Drama;Gravier Productions, Perdido Productions;Estados Unidos;Ingles
Bruce Dern;Masculino;Chicago, Estados Unidos;Estadounidense;No aplica;Blanca;Sí; Marnie;Mejor actor;No;2014;Nebraska;2013;ingles;Drama, Adventure;Paramount Vantage, Bona Fide Productions;Estados Unidos;Ingles, Español
Judi Dench;Femenino;York, Inglaterra;Británica;No aplica;Blanca;No; The Third Secret;Mejor actriz;No;2014;Philomena;2013;ingles;Drama;Baby Cow Productions, BBC Film, Magnolia Mae Films, Pathe;Reino Unido;Ingles
Meryl Streep;Femenino;Summit, Estados Unidos;Estadounidense;No aplica;Blanca;Sí; Julia;Mejor actriz;No;2014;August: Osage County;2013;ingles;Comedy, Drama;Jean Doumanian Productions, Smoke House Pictures;Estados Unidos;Ingles
Rosamund Pike;Femenino;Hammersmith, Inglaterra;Británica;No aplica;Blanca;Sí;  Die Another Day;Mejor actriz;No;2015;Gone Girl;2014;ingles;Mystery, Thriller, Drama;Regency Enterprises, New Regency Pictures, Pacific Standard, TSG Entertainment, Artemple - Hollywood, 20th Century Fox;Estados Unidos;Ingles
Benedict Cumberbatch;Masculino;Hammersmith, Inglaterra;Británica;No aplica;Blanca;No; To Kill a King;Mejor actor;No;2015;The Imitation Game;2014;ingles;History, Drama, Thriller, War;Bristol Automotive, Black Bear Pictures, The Weinstein Company, FilmNation Entertainment;Reino Unido, Estados Unidos;Ingles
Michael Keaton;Masculino;Coraopolis, Estados Unidos;Estadounidense;No aplica;Blanca;Sí; Rabbit Test;Mejor actor;No;2015;Birdman or (The Unexpected Virtue of Ignorance);2014;ingles;Drama, Comedy;TSG Entertainment, Worldview Entertainment, New Regency Pictures, M Productions, Le Grisbi Productions;Estados Unidos;Ingles
Bradley Cooper;Masculino;Filadelfia, Estados Unidos;Estadounidense;No aplica;Blanca;Sí; Wet Hot American Summer;Mejor actor;No;2015;American Sniper;2014;ingles;War, Action;RatPac Entertainment, Village Roadshow Pictures, 22 & Indiana Pictures, Malpaso Productions, Warner Bros. Pictures, Mad Chance;Estados Unidos;Ingles
Eddie Redmayne;Masculino;Westminster, Inglaterra;Británica;No aplica;Blanca;No; Like Minds;Mejor actor;Sí;2015;The Theory of Everything;2014;ingles;Drama, Romance;Working Title Films;Reino Unido;Latin, Ingles, Frances, Italiano
Felicity Jones;Femenino;Birmingham, Inglaterra;Británica;No aplica;Blanca;Sí; Flashbacks of a Fool;Mejor actriz;No;2015;The Theory of Everything;2014;ingles;Drama, Romance;Working Title Films;Reino Unido;Latin, Ingles, Frances, Italiano
Julianne Moore;Femenino;Fort Bragg, Estados Unidos;Estadounidense;Británica;Blanca;Sí; Tales from the Darkside: The Movie;Mejor actriz;Sí;2015;Still Alice;2014;ingles;Drama;Shriver Films, Killer Films, Big Indie Pictures, BSM Studio, Lutzus-Brown, Backup Media, Sony Pictures Classics;Francia, Reino Unido, Estados Unidos;Ingles
Reese Witherspoon;Femenino;Nueva Orleans, Estados Unidos;Estadounidense;No aplica;Blanca;Sí; The Man in the Moon;Mejor actriz;No;2015;Wild;2014;ingles;Drama;bob industries, Fox Searchlight Pictures, Pacific Standard;Estados Unidos;Ingles
Steve Carell;Masculino;Concord, Estados Unidos;Estadounidense;No aplica;Blanca;Sí; Curly Sue;Mejor actor;No;2015;Foxcatcher;2014;ingles;Drama, Thriller;Annapurna Pictures, MRC, Likely Story, Full Nelson Entertainment, Sony Pictures Classics;Estados Unidos;Ingles
Marion Cotillard;Femenino;París, Francia;Francesa;No aplica;Blanca;No; L'histoire du garçon qui voulait qu'on l'embrasse;Mejor actriz;No;2015;Two Days, One Night;2014;frances;Drama;Media Programme of the European Community, Les Films du Fleuve, Archipel 33>35, BIM Distribuzione, Eyeworks, Belgacom, VOO, Vlaams Audiovisueel fonds, Euro-Images, Ciné+, Canal+, France 2 Cinéma, RTBF;Italia, Belgica, Francia;Frances
Matt Damon;Masculino;Cambridge, Estados Unidos;Estadounidense;No aplica;Blanca;Sí; Mystic Pizza;Mejor actor;No;2016;The Martian;2015;ingles;Drama, Adventure, Science Fiction;Scott Free Productions, Genre Films;Reino Unido, Estados Unidos;Ingles, Mandarin
Leonardo DiCaprio;Masculino;Hollywood, Estados Unidos;Estadounidense;No aplica;Blanca;Sí; Critters 3: You Are What They Eat;Mejor actor;Sí;2016;The Revenant;2015;ingles;Western, Drama, Adventure;Monarchy Enterprises S.a.r.l., Regency Enterprises, Appian Way, CatchPlay, Anonymous Content, New Regency Pictures, Hong Kong Alpha Motion Pictures Co., M Productions, RatPac Entertainment;Canada, Hong Kong, Taiwan, Estados Unidos;Ingles, Frances
Brie Larson;Femenino;Sacramento, Estados Unidos;Estadounidense;No aplica;Blanca;Sí; Special Delivery;Mejor actriz;Sí;2016;Room;2015;ingles;Drama, Thriller;Elevation Pictures, Téléfilm Canada, Element Pictures, FilmNation Entertainment, No Trace Camping, Film4 Productions, Fís Éireann/Screen Ireland;Canada, Irlanda, Reino Unido, Estados Unidos;Ingles
Eddie Redmayne;Masculino;Westminster, Inglaterra;Británica;No aplica;Blanca;No; Like Minds;Mejor actor;No;2016;The Danish Girl;2015;ingles;Drama;Pretty Pictures, Working Title Films, Artémis Productions, Shelter Productions, Senator Global Productions, ReVision Pictures;Belgica, Reino Unido, Estados Unidos;Ingles, Frances, Aleman
Michael Fassbender;Masculino;Heidelberg, Alemania;Alemana;Irlandesa;Blanca;Sí;300;Mejor actor;No;2016;Steve Jobs;2015;ingles;Drama, History;Universal Pictures, Scott Rudin Productions, Legendary Pictures, The Mark Gordon Company, Management 360, Cloud Eight Films;Reino Unido, Estados Unidos;Ingles
Jennifer Lawrence;Femenino;Louisville, Estados Unidos;Estadounidense;No aplica;Blanca;Sí; Garden Party;Mejor actriz;No;2016;Joy;2015;ingles;Drama, Comedy;TSG Entertainment, Davis Entertainment, Annapurna Pictures, Fox 2000 Pictures, 20th Century Fox;Estados Unidos;Español, Ingles
Cate Blanchett;Femenino;Melbourne, Australia;Australiana;Estadounidense;Blanca;Sí; Paradise Road;Mejor actriz;No;2016;Carol;2015;ingles;Romance, Drama;Killer Films, Number 9 Films, Film4 Productions;Reino Unido, Estados Unidos;Ingles
Saoirse Ronan;Femenino;Bronx, Estados Unidos;Estadounidense ;No aplica;Blanca;Sí; I Could Never Be Your Woman;Mejor actriz;No;2016;Brooklyn;2015;ingles;Romance, Drama;Wildgaze Films, Item 7, Parallel Films, Fís Éireann/Screen Ireland;Irlanda, Reino Unido, Canada;Ingles
Bryan Cranston;Masculino;Valle de San Fernando, Estados Unidos;Estadounidense;No aplica;Blanca;Sí; The Big Turnaround;Mejor actor;No;2016;Trumbo;2015;ingles;Drama;ShivHans Pictures, Groundswell Productions, Inimitable Pictures;Estados Unidos;Ingles
Charlotte Rampling;Femenino;Sturmer, Inglaterra;Británica;No aplica;Blanca;No; Rotten to the Core;Mejor actriz;No;2016;45 Years;2015;ingles;Drama, Romance;Artificial Eye, The Bureau, Creative England, BFI, Film4 Productions;Reino Unido;Ingles
Ryan Gosling;Masculino;Londres, Canadá;Canadiense;No aplica;Blanca;No; Frankenstein and Me;Mejor actor;No;2017;La La Land;2016;ingles;Comedy, Drama, Romance, Music;Summit Entertainment, Black Label Media, Gilbert Films, Impostor Pictures, Marc Platt Productions, Lionsgate;Estados Unidos;Ingles
Emma Stone;Femenino;Scottsdale, Estados Unidos;Estadounidense;No aplica;Blanca;Sí; Superbad;Mejor actriz;Sí;2017;La La Land;2016;ingles;Comedy, Drama, Romance, Music;Summit Entertainment, Black Label Media, Gilbert Films, Impostor Pictures, Marc Platt Productions, Lionsgate;Estados Unidos;Ingles
Andrew Garfield;Masculino;Los Ángeles, Estados Unidos;Estadounidense;No aplica;Blanca;No; Boy A;Mejor actor;No;2017;Hacksaw Ridge;2016;ingles;Drama, History, War;Vendian Entertainment, Summit Entertainment, Cross Creek Pictures, IM Global, Screen Australia, Screen NSW, Permut Presentations, Pandemonium, Demarest Films, Lionsgate, Bliss Media, Kylin Pictures, AI Film;Australia, China, Reino Unido, Estados Unidos;Japones, Ingles
Viggo Mortensen;Masculino;Manhattan, Estados Unidos;Estadounidense;Danesa;Blanca;Sí;  Witness;Mejor actor;No;2017;Captain Fantastic;2016;ingles;Adventure, Drama;Electric City Entertainment, ShivHans Pictures;Estados Unidos;Esperanto, Ingles
Casey Affleck;Masculino;Falmouth, Estados Unidos;Estadounidense ;No aplica;Blanca;Sí; Lemon Sky;Mejor actor;Sí;2017;Manchester by the Sea;2016;ingles;Drama;Pearl Street Films, K Period Media, B Story, The Affleck/Middleton Project, The Media Farm, Amazon Studios, Big Indie Pictures, CMP Entertainment, OddLot Entertainment;Estados Unidos;Ingles
Denzel Washington;Masculino;Mount Vernon, Estados Unidos;Estadounidense;No aplica;Negra;Sí; Carbon Copy;Mejor actor;No;2017;Fences;2016;ingles;Drama;Paramount, Scott Rudin Productions, MACRO, Bron Studios, Escape Artists;Canada, Estados Unidos;Ingles
Natalie Portman;Femenino;Jerusalén, Israel;Israelí;Estadounidense ;Blanca;Sí; Léon;Mejor actriz;No;2017;Jackie;2016;ingles;Drama;Fox Searchlight Pictures, Why Not Productions, Wild Bunch, Protozoa Pictures, Bliss Media, Endemol Shine North America, Fabula, LD Entertainment;Chile, Francia, Estados Unidos;Ingles
Isabelle Huppert;Femenino;París, Francia;Francesa;No aplica;Blanca;No; Faustine et le bel été;Mejor actriz;No;2017;Elle;2016;frances;Drama, Thriller;France 2 Cinéma, SBS Productions, Twenty Twenty Vision Filmproduktion, Proximus, Entre Chien et Loup;Belgica, Francia, Alemania;Frances
Meryl Streep;Femenino;Summit, Estados Unidos;Estadounidense;No aplica;Blanca;Sí; Julia;Mejor actriz;No;2017;Florence Foster Jenkins;2016;ingles;Comedy, Drama;BBC Film, Qwerty Films, Pathé;Reino Unido, Estados Unidos;Ingles
Ruth Negga;Femenino;Addis Abeba, Etiopía;Irlandesa;Etíope;Mediooriental;No; Capital Letters;Mejor actriz;No;2017;Loving;2016;ingles;Drama, Romance;Big Beach, Raindog Films, Augusta Films, Tri-State Pictures;Reino Unido, Estados Unidos;Ingles
Daniel Kaluuya;Masculino;Londres, Inglaterra;Británica;No aplica;Negra;No; Shoot the Messenger;Mejor actor;No;2018;Get Out;2017;ingles;Mystery, Thriller, Horror;Monkeypaw Productions, Blumhouse Productions, QC Entertainment;Estados Unidos;Ingles
Sally Hawkins;Femenino;Dulwich, Inglaterra;Británica;No aplica;Blanca;No; All or Nothing;Mejor actriz;No;2018;The Shape of Water;2017;ingles;Drama, Fantasy, Romance;Double Dare You Productions, Fox Searchlight Pictures, Bull Productions, TSG Entertainment;Estados Unidos;Ingles, Ruso
Timothée Chalamet;Masculino;Nueva York, Estados Unidos;Estadounidense;No aplica;Blanca;Sí; Men,  Women & Children;Mejor actor;No;2018;Call Me by Your Name;2017;ingles;Romance, Drama;La Cinéfacture, RT Features, Frenesy Film, Water's End Productions, M.Y.R.A. Entertainment, CineFinance Italia;Brasil, Francia, Italia, Estados Unidos;Frances, Ingles, Italiano
Saoirse Ronan;Femenino;Bronx, Estados Unidos;Estadounidense ;No aplica;Blanca;Sí; I Could Never Be Your Woman;Mejor actriz;No;2018;Lady Bird;2017;ingles;Drama, Comedy;IAC Films, Scott Rudin Productions, Entertainment 360;Estados Unidos;Ingles
Margot Robbie;Femenino;Dalby, Australia;Australiana;No aplica;Blanca;No; Vigilante;Mejor actriz;No;2018;I, Tonya;2017;ingles;Drama, Comedy;LuckyChap Entertainment, Clubhouse Pictures;Estados Unidos;Ingles
Gary Oldman;Masculino;New Cross, Inglaterra;Británica;No aplica;Blanca;No; Remembrance;Mejor actor;Sí;2018;Darkest Hour;2017;ingles;Drama, History;Perfect World Pictures, Working Title Films, Focus Features;Reino Unido, Estados Unidos;Ingles
Meryl Streep;Femenino;Summit, Estados Unidos;Estadounidense;No aplica;Blanca;Sí; Julia;Mejor actriz;No;2018;The Post;2017;ingles;Drama, History;20th Century Fox, DreamWorks Pictures, Reliance Entertainment, TSG Entertainment, Participant, Amblin Entertainment, Pascal Pictures, Star Thrower Entertainment;India, Estados Unidos;Ingles
Daniel Day-Lewis;Masculino;Greenwich, Inglaterra;Británica;Irlandesa;Blanca;No; Endless Love;Mejor actor;No;2018;Phantom Thread;2017;ingles;Drama, Romance;Ghoulardi Film Company, Focus Features, Annapurna Pictures, Perfect World Pictures;Estados Unidos, Reino Unido;Ingles, Frances
Denzel Washington;Masculino;Mount Vernon, Estados Unidos;Estadounidense;No aplica;Negra;Sí; Carbon Copy;Mejor actor;No;2018;Roman J. Israel, Esq.;2017;ingles;Drama, Crime, Thriller;Culture China - Image Nation Abu Dhabi Fund, Cross Creek Pictures, Bron Studios, Escape Artists, Imagenation Abu Dhabi FZ, MACRO, Topic Studios, Columbia Pictures;Estados Unidos;Armenian, Ingles, Español
Frances McDormand;Femenino;Chicago, Estados Unidos;Estadounidense;No aplica;Blanca;Sí; Blood Simple;Mejor actriz;Sí;2018;Three Billboards outside Ebbing, Missouri;2017;Inglés;Crimen, Drama;Blueprint Pictures, Fox Searchlight Pictures, Film4 Productions;Reino Unido, Estados Unidos;Inglés
Rami Malek;Masculino;Los Ángeles, Estados Unidos;Estadounidense;No aplica;Mediooriental;Sí; Night at the Museum;Mejor actor;Sí;2019;Bohemian Rhapsody;2018;ingles;Music, Drama, History;GK Films, Regency Enterprises, Queen Films, Tribeca Productions, New Regency Pictures, 20th Century Fox;Reino Unido, Estados Unidos;Ingles
Bradley Cooper;Masculino;Filadelfia, Estados Unidos;Estadounidense;No aplica;Blanca;Sí; Wet Hot American Summer;Mejor actor;No;2019;A Star Is Born;2018;ingles;Music, Drama, Romance;Thunder Road, 22 & Green, Gerber Pictures, Joint Effort, Malpaso Productions, Warner Bros. Pictures, Live Nation Productions;Estados Unidos;Ingles
Lady Gaga;Femenino;Manhattan, Estados Unidos;Estadounidense;No aplica;Blanca;Sí; Machete Kills;Mejor actriz;No;2019;A Star Is Born;2018;ingles;Music, Drama, Romance;Thunder Road, 22 & Green, Gerber Pictures, Joint Effort, Malpaso Productions, Warner Bros. Pictures, Live Nation Productions;Estados Unidos;Ingles
Viggo Mortensen;Masculino;Manhattan, Estados Unidos;Estadounidense;Danesa;Blanca;Sí;  Witness;Mejor actor;No;2019;Green Book;2018;ingles;Drama, Comedy;Participant, DreamWorks Pictures, Cinetic Media;Estados Unidos;Ingles, Italiano, Ruso
Olivia Colman;Femenino;Norwich, Inglaterra;Británica;No aplica;Blanca;No; Confetti;Mejor actriz;Sí;2019;The Favourite;2018;ingles;Drama, Comedy, Thriller;Waypoint Entertainment, Element Pictures, Scarlet Films, Film4 Productions;Irlanda, Reino Unido, Estados Unidos;Ingles
Yalitza Aparicio;Femenino;Tlaxiaco, México;Mexicana;No aplica;Hispana;Sí; Roma;Mejor actriz;No;2019;Roma;2018;espanol;Drama;Participant, Esperanto Filmoj;Reino Unido, Estados Unidos;Ingles, Español
Christian Bale;Masculino;Haverfordwest, Pembrokeshire, Gales, Reino Unido;Británica;Estadounidense;Blanca;No; Mio min Mio;Mejor actor;No;2019;Vice;2018;ingles;Comedy, Drama;Plan B Entertainment, Gary Sanchez Productions, Annapurna Pictures;Estados Unidos;Ingles
Willem Dafoe;Masculino;Appleton, Estados Unidos;Estadounidense;Italiana;Blanca;Sí; The Loveless;Mejor actor;No;2019;At Eternity's Gate;2018;ingles;Drama;Iconoclast, Riverstone Pictures, Rahway Road Productions, CBS Films;Francia, Irlanda, Suiza, Reino Unido, Estados Unidos;Ingles, Frances
Melissa McCarthy;Femenino;Plainfield, Estados Unidos;Estadounidense;No aplica;Blanca;Sí; Go;Mejor actriz;No;2019;Can You Ever Forgive Me?;2018;ingles;Drama, Crime, Comedy;Archer Gray;Estados Unidos;Ingles
Glenn Close;Femenino;Greenwich, Estados Unidos;Estadounidense;No aplica;Blanca;Sí; The World According to Garp;Mejor actriz;No;2019;The Wife;2018;ingles;Drama;Anonymous Content, Meta Film, Film i Väst, Embankment Films, Creative Scotland, Tempo Productions;Suecia, Reino Unido, Estados Unidos;Ingles, Sueco
Joaquin Phoenix;Masculino;San Juan, Puerto Rico;Estadounidense;No aplica;Blanca;Sí; SpaceCamp;Mejor actor;Sí;2020;Joker;2019;ingles;Crime, Thriller, Drama;Warner Bros. Pictures, Joint Effort, Village Roadshow Pictures, Bron Studios, DC Films;Canada, Estados Unidos;Ingles
Adam Driver;Masculino;San Diego, Estados Unidos;Estadounidense;No aplica;Blanca;Sí; J. Edgar;Mejor actor;No;2020;Marriage Story;2019;ingles;Drama;Heyday Films;Reino Unido;Ingles
Scarlett Johansson;Femenino;Manhattan, Estados Unidos;Estadounidense ;No aplica;Blanca;Sí; North;Mejor actriz;No;2020;Marriage Story;2019;ingles;Drama;Heyday Films;Reino Unido;Ingles
Saoirse Ronan;Femenino;Bronx, Estados Unidos;Estadounidense ;No aplica;Blanca;Sí; I Could Never Be Your Woman;Mejor actriz;No;2020;Little Women;2019;ingles;Drama, Romance;Columbia Pictures, Pascal Pictures, Regency Enterprises, Sony Pictures;Estados Unidos;Frances, Ingles
Charlize Theron;Femenino;Benoni, Sudáfrica;Sudafricana;Estadounidense;Blanca;Sí; 2 Days in the Valley;Mejor actriz;No;2020;Bombshell;2019;ingles;Drama;Lighthouse Management + Media, Denver and Delilah Productions, Bron Studios, Annapurna Pictures, Creative Wealth Media Finance, Lionsgate, Endeavor Content;Canada, Estados Unidos;Ingles
Jonathan Pryce;Masculino;Holywell, Flintshire, Gales, Reino Unido;Británica;No aplica;Blanca;Sí; Voyage of the Damned;Mejor actor;No;2020;The Two Popes;2019;ingles;Drama, Comedy, History;Rideback;Estados Unidos;Ingles, Frances, Aleman, Italiano, Latin, Portuguese, Español
Antonio Banderas;Masculino;Málaga, España;Española;No aplica;Hispana;No; Pestañas postizas;Mejor actor;No;2020;Pain and Glory;2019;espanol;Drama;El Deseo, TVE;Espana;Español
Renée Zellweger;Femenino;Katy, Estados Unidos;Estadounidense;No aplica;Blanca;Sí; Reality Bites;Mejor actriz;Sí;2020;Judy;2019;ingles;Drama, History, Music;BBC Film, Calamity Films, Pathé, LD Entertainment, Roadside Attractions;Francia, Reino Unido, Estados Unidos;Ingles
Cynthia Erivo;Femenino;Stockwell, Inglaterra;Británica;No aplica;Negra;Sí; Widows;Mejor actriz;No;2020;Harriet;2019;ingles;Drama, History;Focus Features;Estados Unidos;Ingles, Italiano
Leonardo DiCaprio;Masculino;Hollywood, Estados Unidos;Estadounidense;No aplica;Blanca;Sí; Critters 3: You Are What They Eat;Mejor actor;No;2020;Once upon a Time...in Hollywood;2019;Inglés;Comedia, Drama;Columbia Pictures, Heyday Films, Visiona Romantica, Bona Film Group;Estados Unidos, Reino Unido, China;Inglés, Italiano, Español
Carey Mulligan;Femenino;Westminster, Inglaterra;Británica;No aplica;Blanca;Sí; Pride & Prejudice;Mejor actriz;No;2021;Promising Young Woman;2020;ingles;Thriller, Crime, Drama;LuckyChap Entertainment, FilmNation Entertainment;Estados Unidos;Ingles
Anthony Hopkins;Masculino;Port Talbot, Reino Unido;Británica;Estadounidense;Blanca;No; The Lion in Winter;Mejor actor;Sí;2021;The Father;2020;ingles;Drama;Trademark Films, F Comme Film, Ciné-@, Embankment Films, Film4 Productions, Canal+, Ciné+, Orange Studio, Les Films du Cru, AG Studios NYC, Simon Friend Entertainment, Viewfinder, CAA Media Finance, Sony Pictures Classics;Francia, Reino Unido, Estados Unidos;Ingles
Riz Ahmed;Masculino;Wembley, Inglaterra;Británica;No aplica;Multirracial;No; The Road to Guantanamo;Mejor actor;No;2021;Sound of Metal;2020;ingles;Drama, Music;Flat 7, Ward Four, Caviar;Estados Unidos;Ingles, Frances
Gary Oldman;Masculino;New Cross, Inglaterra;Británica;No aplica;Blanca;No; Remembrance;Mejor actor;No;2021;Mank;2020;ingles;Drama, History;Netflix International Pictures;Estados Unidos;Ingles
Vanessa Kirby;Femenino;Wimbledon, Inglaterra;Británica;No aplica;Blanca;No; Love/Loss;Mejor actriz;No;2021;Pieces of a Woman;2020;ingles;Drama;Bron Studios, Little Lamb Productions, Creative Wealth Media Finance, Proton Cinema, Sikelia Productions, Post Office Films;Canada, Hungary, Estados Unidos;Ingles
Chadwick Boseman;Masculino;Anderson, Estados Unidos;Estadounidense;No aplica;Negra;Sí; The Express;Mejor actor;No;2021;Ma Rainey's Black Bottom;2020;ingles;Drama, Music;Escape Artists, Mundy Lane Entertainment;Estados Unidos;Ingles
Viola Davis;Femenino;Saint Matthews, Estados Unidos;Estadounidense;No aplica;Negra;Sí; The Substance of Fire;Mejor actriz;No;2021;Ma Rainey's Black Bottom;2020;ingles;Drama, Music;Escape Artists, Mundy Lane Entertainment;Estados Unidos;Ingles
Steven Yeun;Masculino;Seúl, Corea del Sur;Estadounidense;Surcoreana;Asiática;Sí; My Name Is Jerry;Mejor actor;No;2021;Minari;2020;Inglés;Drama;Plan B Entertainment, A24;Estados Unidos;Inglés, Coreano
Andra Day;Femenino;Edmonds, Estados Unidos;Estadounidense;No aplica;Negra;Sí; The United States vs. Billie Holiday;Mejor actriz;No;2021;The United States vs. Billie Holiday;2020;Inglés;Drama, Música, Historia;Lee Daniels Entertainment, Hulu Originals, New Slate Ventures, Roth/Kirschenbaum Films;Estados Unidos;Inglés
Frances McDormand;Femenino;Chicago, Estados Unidos;Estadounidense;No aplica;Blanca;Sí; Blood Simple;Mejor actriz;Sí;2021;Nomadland;2020;Inglés;Drama;Highwayman Films, Hear/Say Productions, Cor Cordium Productions, Searchlight Pictures;Estados Unidos;Inglés
Benedict Cumberbatch;Masculino;Hammersmith, Inglaterra;Británica;No aplica;Blanca;No; To Kill a King;Mejor actor;No;2022;The Power of the Dog;2021;ingles;Drama, Western;BBC Film, See-Saw Films, Cross City Films, New Zealand Film Commission, Bad Girl Creek, Max Films;Australia, Canada, Nueva Zelanda, Reino Unido;Ingles
Will Smith;Masculino;Filadelfia, Estados Unidos;Estadounidense;No aplica;Negra;Sí; Where the Day Takes You;Mejor actor;Sí;2022;King Richard;2021;ingles;Drama, History;Star Thrower Entertainment, Westbrook Studios, Warner Bros. Pictures, Overbrook Entertainment;Estados Unidos;Ingles
Kristen Stewart;Femenino;Los Ángeles, Estados Unidos;Estadounidense;No aplica;Blanca;Sí; The Safety of Objects;Mejor actriz;No;2022;Spencer;2021;ingles;Drama;FilmNation Entertainment, Komplizen Film, Shoebox Films, Fabula, Fabula;Chile, Alemania, Reino Unido, Estados Unidos;Ingles
Penélope Cruz;Femenino;Alcobendas, España;Española;No aplica;Hispana;No; Jamón Jamón;Mejor actriz;No;2022;Parallel Mothers;2021;espanol;Drama;El Deseo, TVE;Espana;Español
Olivia Colman;Femenino;Norwich, Inglaterra;Británica;No aplica;Blanca;No; Confetti;Mejor actriz;No;2022;The Lost Daughter;2021;ingles;Drama;Pie Films, Endeavor Content, Samuel Marshall Productions, Media Finance Capital, Faliro House Productions;Greece, Reino Unido, Estados Unidos;Ingles, Griego, Italiano
Denzel Washington;Masculino;Mount Vernon, Estados Unidos;Estadounidense;No aplica;Negra;Sí; Carbon Copy;Mejor actor;No;2022;The Tragedy of Macbeth;2021;ingles;Drama, War;IAC Films, A24;Estados Unidos;Ingles
Javier Bardem;Masculino;Las Palmas de Gran Canaria, España;Española;No aplica;Hispana;No; Las edades de Lulú;Mejor actor;No;2022;Being the Ricardos;2021;ingles;Drama, History;Amazon Studios, Big Indie Pictures, Escape Artists;Estados Unidos;Ingles, Español
Nicole Kidman;Femenino;Honolulú, Estados Unidos;Estadounidense;Australiana;Blanca;No; Bush Christmas;Mejor actriz;No;2022;Being the Ricardos;2021;ingles;Drama, History;Amazon Studios, Big Indie Pictures, Escape Artists;Estados Unidos;Ingles, Español
Jessica Chastain;Femenino;Condado de Sonoma, Estados Unidos;Estadounidense;No aplica;Blanca;Sí; Jolene;Mejor actriz;Sí;2022;The Eyes of Tammy Faye;2021;ingles;Drama, History;Freckle Films, MWM Studios, Searchlight Pictures, Semi-Formal Productions;Estados Unidos;Ingles
Andrew Garfield;Masculino;Los Ángeles, Estados Unidos;Estadounidense;No aplica;Blanca;No; Boy A;Mejor actor;No;2022;tick, tick...BOOM!;2021;Inglés;Drama, Música;Imagine Entertainment, Netflix, 5000 Broadway Productions;Estados Unidos;Inglés
Michelle Yeoh;Femenino;Ipoh, Malasia;Malasia;No aplica;Asiática;No; Mao tou ying yu xiao fei xiang;Mejor actriz;Sí;2023;Everything Everywhere All at Once;2022;ingles;Action, Adventure, Science Fiction;AGBO, Ley Line Entertainment, Year of the Rat Productions, A24, IAC Films;Estados Unidos;Cantones, Mandarin, Ingles
Brendan Fraser;Masculino;Indianápolis, Estados Unidos;Estadounidense;Canadiense;Blanca;Sí; Dogfight;Mejor actor;Sí;2023;The Whale;2022;ingles;Drama;A24, Protozoa Pictures;Estados Unidos;Ingles
Austin Butler;Masculino;Anaheim, Estados Unidos;Estadounidense;No aplica;Blanca;Sí; Aliens in the Attic;Mejor actor;No;2023;Elvis;2022;ingles;Drama, Music, History;Bazmark Films, The Jackal Group, Warner Bros. Pictures, Fin Design & Effects;Australia, Estados Unidos;Ingles
Colin Farrell;Masculino;Castleknock, Irlanda;Irlandesa;No aplica;Blanca;No; The War Zone;Mejor actor;No;2023;The Banshees of Inisherin;2022;ingles;Drama, Comedy, History;Searchlight Pictures, Blueprint Pictures, Film4 Productions, Metropolitan Films International, TSG Entertainment;Irlanda, Reino Unido, Estados Unidos;Ingles
Michelle Williams;Femenino;Kalispell, Estados Unidos;Estadounidense;No aplica;Blanca;Sí; Lassie;Mejor actriz;No;2023;The Fabelmans;2022;ingles;Drama;Amblin Entertainment, Reliance Entertainment;Estados Unidos;Ingles
Ana de Armas;Femenino;La Habana, Cuba ;Cubana;Española;Hispana;No; Una rosa de Francia;Mejor actriz;No;2023;Blonde;2022;ingles;Drama;Plan B Entertainment;Estados Unidos;Ingles, Italiano
Paul Mescal;Masculino;Maynooth, Irlanda;Irlandesa;No aplica;Blanca;Sí; The Lost Daughter;Mejor actor;No;2023;Aftersun;2022;ingles;Drama;PASTEL, BBC Film, Tango Entertainment, Unified Theory, Screen Scotland, BFI, AZ Celtic Films;Turquia, Reino Unido, Estados Unidos;Ingles, Turco
Bill Nighy;Masculino;Caterham, Inglaterra;Británica;No aplica;Blanca;No; Eye of the Needle;Mejor actor;No;2023;Living;2022;ingles;Drama;Number 9 Films, Film4 Productions, County Hall Arts, Lipsync Productions, RocketScience, Kurosawa Production, Filmgate Films, Film i Väst, Woolley/Karlsen Productions;Japon, Suecia, Reino Unido;Ingles
Andrea Riseborough;Femenino;Newcastle upon Tyne, Inglaterra;Británica;No aplica;Blanca;Sí; Venus;Mejor actriz;No;2023;To Leslie;2022;ingles;Drama;BCDF Pictures, Baral Waley Productions, Shaken, Not Stirred Productions, Bluewater Lane Productions;Estados Unidos;Ingles
Cate Blanchett;Femenino;Melbourne, Australia;Australiana;Estadounidense;Blanca;Sí; Paradise Road;Mejor actriz;No;2023;Tár;2022;Inglés;Drama, Música;Standard Film Company, Focus Features;Estados Unidos, Alemania;Inglés, Alemán
Cillian Murphy;Masculino;Douglas, Irlanda;Irlandesa;No aplica;Blanca;No; The Tale of Sweety Barrett;Mejor actor;Sí;2024;Oppenheimer;2023;ingles;Drama, History;Syncopy, Universal Pictures, Atlas Entertainment;Reino Unido, Estados Unidos;Dutch, Ingles
Sandra Hüller;Femenino;Suhl, Alemania;Alemana;No aplica;Blanca;No; Midsommar Stories;Mejor actriz;No;2024;Anatomy of a Fall;2023;frances;Drama, Crime, Mystery;Les Films de Pierre, Les Films Pelléas, France 2 Cinéma, Auvergne-Rhône-Alpes Cinéma, Canal+, Ciné+, France Télévisions, CNC, Région Nouvelle-Aquitaine, Région Auvergne-Rhône-Alpes, ARTE/Cofinova 18;Francia;Ingles, Frances, Aleman
Bradley Cooper;Masculino;Filadelfia, Estados Unidos;Estadounidense;No aplica;Blanca;Sí; Wet Hot American Summer;Mejor actor;No;2024;Maestro;2023;ruso;Documentary;Sikelia Productions, Amblin Entertainment, Lea Pictures, Berner Films, Netflix ;Russia;Ruso
Carey Mulligan;Femenino;Westminster, Inglaterra;Británica;No aplica;Blanca;Sí; Pride & Prejudice;Mejor actriz;No;2024;Maestro;2023;ruso;Documentary;Sikelia Productions, Amblin Entertainment, Lea Pictures, Berner Films, Netflix ;Russia;Ruso
Lily Gladstone;Femenino;Kalispell, Estados Unidos;Estadounidense;No aplica;Multirracial;Sí; Jimmy P: Psychotherapy of a Plains Indian;Mejor actriz;No;2024;Killers of the Flower Moon;2023;ingles;Crime, Drama, Thriller;Appian Way, Imperative Entertainment, Sikelia Productions, Apple Studios;Estados Unidos;Ingles
Jeffrey Wright;Masculino;Washington D.C., Estados Unidos;Estadounidense;No aplica;Negra;Sí; Presumed Innocent;Mejor actor;No;2024;American Fiction;2023;ingles;Comedy, Drama;Orion Pictures, T-Street Productions, MRC, 3 Arts Entertainment, Metro-Goldwyn-Mayer;Estados Unidos;Ingles
Paul Giamatti;Masculino;New Haven, Estados Unidos;Estadounidense;No aplica;Blanca;Sí; Past Midnight;Mejor actor;No;2024;The Holdovers;2023;ingles;Comedy, Drama;Miramax, Gran Via Productions;Estados Unidos;Ingles
Emma Stone;Femenino;Scottsdale, Estados Unidos;Estadounidense;No aplica;Blanca;Sí; Superbad;Mejor actriz;Sí;2024;Poor Things;2023;ingles;Science Fiction, Romance, Comedy;Element Pictures, Film4 Productions, Searchlight Pictures, TSG Entertainment;Irlanda, Reino Unido, Estados Unidos;Ingles
Colman Domingo;Masculino;Filadelfia, Estados Unidos;Estadounidense;No aplica;Negra;Sí; Around the Fire;Mejor actor;No;2024;Rustin;2023;ingles;Drama, History;Higher Ground Productions;Estados Unidos;Ingles
Annette Bening;Femenino;Topeka, Estados Unidos;Estadounidense;No aplica;Blanca;Sí; The Great Outdoors;Mejor actriz;No;2024;Nyad;2023;Inglés;Drama, Historia;Black Bear Pictures, Mad Chance Productions, Zurich Avenue, ;Estados Unidos;Inglés, español
Cynthia Erivo;Femenino;Stockwell, Inglaterra;Británica;No aplica;Negra;Sí; Widows;Mejor actriz;No;2025;Wicked;2024;ingles;Horror;ACM Films;Estados Unidos;ingles
Adrien Brody;Masculino;Queens, Estados Unidos;Estadounidense;No aplica;Blanca;Sí; New York Stories;Mejor actor;Sí;2025;The Brutalist;2024;ingles;Drama;Dope Meat Films;Reino Unido;Ingles
Fernanda Torres;Femenino;Río de Janeiro, Brasil;Brasileña;No aplica;Blanca;No; Inocência;Mejor actriz;No;2025;I'm Still Here;2024;ingles;Documentary;Brookstreet  Pictures, Kaplan Morrison, Intake Films;Estados Unidos;Ingles
Timothée Chalamet;Masculino;Nueva York, Estados Unidos;Estadounidense;No aplica;Blanca;Sí; Men, Women & Children;Mejor actor;No;2025;A Complete Unknown;2024;Inglés;Drama, Música;Searchlight Pictures, Range Media Partners, Big Indie Pictures;Estados Unidos;Inglés
Colman Domingo;Masculino;Filadelfia, Estados Unidos;Estadounidense;No aplica;Negra;Sí; Around the Fire;Mejor actor;No;2025;Sing Sing;2024;Inglés;Drama;Black Bear, Marfa Peach Company, Edith Productions;Estados Unidos;Inglés
Ralph Fiennes;Masculino;Ipswich, Inglaterra;Británica;No aplica;Blanca;Sí; Wuthering Heights;Mejor actor;No;2025;Conclave;2024;Inglés;Drama, Suspense, Misterio;Access Entertainment, FilmNation Entertainment, Indian Paintbrush;Reino Unido, Estados Unidos;Inglés, Italiano, Latín, Español
Sebastian Stan;Masculino;Constanza, Rumanía;Rumana;Estadounidense;Blanca;Sí; Tony 'n' Tina's Wedding;Mejor actor;No;2025;The Apprentice;2024;Inglés;Drama, Historia;Scythia Films, Profile Pictures, Tailor Made Films, Gidden Media, LB Entretainment y Rocket Science;Canadá, Dinamarca, Irlanda, Estados Unidos;Inglés
Mikey Madison;Femenino;Los Ángeles, Estados Unidos;Estadounidense;No aplica;Blanca;Sí; Liza Liza: Skies Are Grey;Mejor actriz;Sí;2025;Anora;2024;Inglés;Comedia, Drama, Romance;Cinereach, FilmNation Entertainment, Neon;Estados Unidos;Inglés, Ruso
Karla Sofía Gascón;Femenino;Alcobendas, España;Española;No aplica;Hispana;No; Se buscan fulmontis;Mejor actriz;No;2025;Emilia Pérez;2024;Francés;Crimen, Drama, Música, Comedia;Why Not Productions, Pathé Films, Page 114, France 2 Ciném, Saint Laurent;Francia;Español, Inglés
Demi Moore;Femenino;Roswell, Estados Unidos;Estadounidense;No aplica;Blanca;Sí; Choices;Mejor actriz;No;2025;The Substance;2024;Inglés;Terror, Ciencia ficción, Drama;Working Title Films, Blacksmith, Good Chaos, Universal Pictures;Francia, Reino Unido;Inglés
Michael B. Jordan;Masculino;Santa Ana, Estados Unidos;Estadounidense;No aplica;Negra;Sí; Black and White;Mejor actor;Sí;2026;Sinners;2025;Inglés;Terror, Acción, Suspense;Proximity Media, Warner Bros. Pictures;Estados Unidos;Inglés
Timothée Chalamet;Masculino;Nueva York, Estados Unidos;Estadounidense;No aplica;Blanca;Sí; Men, Women & Children;Mejor actor;No;2026;Marty Supreme;2025;Inglés;Comedia, Drama;A24, Central Group, Central Pictures, IPR.VC;Estados Unidos;Inglés
Leonardo DiCaprio;Masculino;Hollywood, Estados Unidos;Estadounidense;No aplica;Blanca;Sí; Critters 3: You Are What They Eat;Mejor actor;No;2026;One Battle after Another;2025;Inglés;Acción, Crimen, Suspense, Drama;Warner Bros. Pictures, Ghoulardi Film Company;Estados Unidos;Inglés, Español
Ethan Hawke;Masculino;Austin, Estados Unidos;Estadounidense;No aplica;Blanca;Sí; Explorers;Mejor actor;No;2026;Blue Moon;2025;Inglés;Drama, Comedia, Música;Detour Filmproduction, Wild Atlantic Pictures, Sony Pictures Classics, Cinetic MediaRenovo Media Group, Under the Influence Productions;Irlanda, Estados Unidos;Inglés
Wagner Moura;Masculino;Salvador de Bahía, Brasil;Brasileña;No aplica;Blanca;Sí; Woman on Top;Mejor actor;No;2026;The Secret Agent;2025;Portugués;Suspense, Drama, Historia;CinemaScópio, MK Productions, One Two Films, Lemming Film, ARTE France Cinéma;Brasil, Francia, Alemania, Países Bajos;Portugués, Alemán
Jessie Buckley;Femenino;Killarney, Irlanda;Irlandesa;No aplica;Blanca;No; Beast;Mejor actriz;Sí;2026;Hamnet;2025;Inglés;Drama, Romance, Historia;Amblin Entertainment, Neal Street Productions, Hera Pictures;Reino Unido, Estados Unidos;Inglés
Rose Byrne;Femenino;Balmain, Australia;Australiana;No aplica;Blanca;No; Dallas Doll;Mejor actriz;No;2026;If I Had Legs I'd Kick You;2025;Inglés;Drama, Comedia;A24, Elara Pictures, Bronxburgh, Fat City, Central Pictures;Estados Unidos;Inglés, Español
Kate Hudson;Femenino;Los Ángeles, Estados Unidos;Estadounidense;No aplica;Blanca;Sí; Desert Blue;Mejor actriz;No;2026;Song Sung Blue;2025;Inglés;Drama, Música, Romance;Focus Features, Davis Entertainment Company, Universal Pictures;Estados Unidos;Inglés
Renate Reinsve;Femenino;Solbergelva, Noruega;Noruega;No aplica;Blanca;No; Oslo, 31. august;Mejor actriz;No;2026;Sentimental Value;2025;Noruego;Drama;Mer Film, Eye Eye Pictures, Lumen Production, MK Productions, Zentropa Entertainments, Komplizen Film, BBC Film, ARTE France Cinéma, Film i Väst;Noruega, Francia, Alemania, Dinamarca, Suecia, Reino Unido;Noruego, Inglés, Sueco, Danés
Emma Stone;Femenino;Scottsdale, Estados Unidos;Estadounidense;No aplica;Blanca;Sí; Superbad;Mejor actriz;No;2026;Bugonia;2025;Inglés;Ciencia ficción, Comedia, Suspense;Focus Features, Element Pictures, Square Peg, CJ ENM, Fremantle, Fruit Tree;Irlanda, Reino Unido, Estados Unidos, Corea del Sur;Inglés
